student_id,month,attendance_percentage,test_scores,assignment_submissions,lab_attendance
DTE1000,Aug_2024,45,52,2,NA
DTE1000,Sep_2024,38,46,2,NA
DTE1000,Oct_2024,46,40,4,NA
DTE1000,Nov_2024,46,44,2,NA
DTE1000,Dec_2024,31,36,4,NA
DTE1000,Jan_2025,28,46,5,NA
DTE1001,Aug_2024,47,48,2,NA
DTE1001,Sep_2024,44,46,5,NA
DTE1001,Oct_2024,32,34,2,NA
DTE1001,Nov_2024,20,40,2,NA
DTE1001,Dec_2024,20,43,5,NA
DTE1001,Jan_2025,32,25,3,NA
DTE1002,Aug_2024,80,64,7,NA
DTE1002,Sep_2024,77,65,10,NA
DTE1002,Oct_2024,80,66,8,NA
DTE1002,Nov_2024,75,66,10,NA
DTE1002,Dec_2024,80,69,9,NA
DTE1002,Jan_2025,76,66,7,NA
DTE1003,Aug_2024,97,69,8,NA
DTE1003,Sep_2024,98,68,10,NA
DTE1003,Oct_2024,98,67,10,NA
DTE1003,Nov_2024,93,71,10,NA
DTE1003,Dec_2024,97,69,8,NA
DTE1003,Jan_2025,98,70,10,NA
DTE1004,Aug_2024,68,44,5,NA
DTE1004,Sep_2024,63,45,3,NA
DTE1004,Oct_2024,60,37,6,NA
DTE1004,Nov_2024,61,36,2,NA
DTE1004,Dec_2024,32,27,3,NA
DTE1004,Jan_2025,28,31,5,NA
DTE1005,Aug_2024,63,54,2,NA
DTE1005,Sep_2024,62,49,5,NA
DTE1005,Oct_2024,60,53,6,NA
DTE1005,Nov_2024,44,43,6,NA
DTE1005,Dec_2024,55,30,5,NA
DTE1005,Jan_2025,54,40,2,NA
DTE1006,Aug_2024,54,52,5,44
DTE1006,Sep_2024,48,45,3,45
DTE1006,Oct_2024,52,48,2,46
DTE1006,Nov_2024,31,48,2,31
DTE1006,Dec_2024,44,37,5,34
DTE1006,Jan_2025,21,25,6,12
DTE1007,Aug_2024,77,91,10,NA
DTE1007,Sep_2024,76,86,8,NA
DTE1007,Oct_2024,74,86,8,NA
DTE1007,Nov_2024,73,92,7,NA
DTE1007,Dec_2024,75,92,7,NA
DTE1007,Jan_2025,75,89,8,NA
DTE1008,Aug_2024,75,85,8,NA
DTE1008,Sep_2024,73,84,10,NA
DTE1008,Oct_2024,74,85,10,NA
DTE1008,Nov_2024,72,82,8,NA
DTE1008,Dec_2024,74,87,10,NA
DTE1008,Jan_2025,79,85,7,NA
DTE1009,Aug_2024,65,48,3,NA
DTE1009,Sep_2024,58,42,4,NA
DTE1009,Oct_2024,62,51,5,NA
DTE1009,Nov_2024,50,39,6,NA
DTE1009,Dec_2024,47,46,5,NA
DTE1009,Jan_2025,35,27,5,NA
DTE1010,Aug_2024,89,71,7,81
DTE1010,Sep_2024,86,69,9,78
DTE1010,Oct_2024,87,68,10,80
DTE1010,Nov_2024,87,69,9,80
DTE1010,Dec_2024,92,66,8,88
DTE1010,Jan_2025,89,69,9,82
DTE1011,Aug_2024,91,74,8,82
DTE1011,Sep_2024,93,74,10,91
DTE1011,Oct_2024,92,75,10,86
DTE1011,Nov_2024,93,76,10,91
DTE1011,Dec_2024,91,72,7,81
DTE1011,Jan_2025,95,71,8,92
DTE1012,Aug_2024,63,52,5,NA
DTE1012,Sep_2024,54,50,6,NA
DTE1012,Oct_2024,57,52,4,NA
DTE1012,Nov_2024,37,52,6,NA
DTE1012,Dec_2024,53,51,2,NA
DTE1012,Jan_2025,27,46,3,NA
DTE1013,Aug_2024,87,79,9,82
DTE1013,Sep_2024,80,83,9,78
DTE1013,Oct_2024,88,81,7,88
DTE1013,Nov_2024,87,83,10,86
DTE1013,Dec_2024,81,83,7,73
DTE1013,Jan_2025,80,81,7,78
DTE1014,Aug_2024,88,84,8,83
DTE1014,Sep_2024,89,83,9,82
DTE1014,Oct_2024,95,81,7,93
DTE1014,Nov_2024,92,80,8,91
DTE1014,Dec_2024,90,81,10,90
DTE1014,Jan_2025,90,84,10,85
DTE1015,Aug_2024,85,73,8,NA
DTE1015,Sep_2024,82,71,9,NA
DTE1015,Oct_2024,87,71,8,NA
DTE1015,Nov_2024,83,75,10,NA
DTE1015,Dec_2024,84,70,10,NA
DTE1015,Jan_2025,87,72,10,NA
DTE1016,Aug_2024,82,74,9,82
DTE1016,Sep_2024,81,69,7,73
DTE1016,Oct_2024,75,68,9,70
DTE1016,Nov_2024,80,74,8,74
DTE1016,Dec_2024,74,71,7,64
DTE1016,Jan_2025,76,72,7,66
DTE1017,Aug_2024,98,81,10,NA
DTE1017,Sep_2024,96,84,9,NA
DTE1017,Oct_2024,95,81,7,NA
DTE1017,Nov_2024,94,83,8,NA
DTE1017,Dec_2024,96,82,8,NA
DTE1017,Jan_2025,98,83,10,NA
DTE1018,Aug_2024,48,37,3,NA
DTE1018,Sep_2024,34,37,4,NA
DTE1018,Oct_2024,36,34,4,NA
DTE1018,Nov_2024,37,35,4,NA
DTE1018,Dec_2024,24,25,2,NA
DTE1018,Jan_2025,37,25,3,NA
DTE1019,Aug_2024,76,89,10,NA
DTE1019,Sep_2024,80,84,7,NA
DTE1019,Oct_2024,77,86,9,NA
DTE1019,Nov_2024,73,84,7,NA
DTE1019,Dec_2024,79,86,7,NA
DTE1019,Jan_2025,79,86,8,NA
DTE1020,Aug_2024,86,90,8,NA
DTE1020,Sep_2024,83,86,9,NA
DTE1020,Oct_2024,80,89,10,NA
DTE1020,Nov_2024,86,89,8,NA
DTE1020,Dec_2024,79,86,8,NA
DTE1020,Jan_2025,83,87,7,NA
DTE1021,Aug_2024,78,88,10,NA
DTE1021,Sep_2024,82,83,7,NA
DTE1021,Oct_2024,76,86,8,NA
DTE1021,Nov_2024,83,84,10,NA
DTE1021,Dec_2024,77,85,10,NA
DTE1021,Jan_2025,84,87,10,NA
DTE1022,Aug_2024,77,76,10,NA
DTE1022,Sep_2024,79,75,10,NA
DTE1022,Oct_2024,79,78,8,NA
DTE1022,Nov_2024,75,76,8,NA
DTE1022,Dec_2024,80,77,10,NA
DTE1022,Jan_2025,75,77,7,NA
DTE1023,Aug_2024,80,79,10,80
DTE1023,Sep_2024,79,80,9,78
DTE1023,Oct_2024,83,76,7,78
DTE1023,Nov_2024,81,76,8,80
DTE1023,Dec_2024,82,78,9,78
DTE1023,Jan_2025,81,79,7,79
DTE1024,Aug_2024,88,80,10,NA
DTE1024,Sep_2024,86,76,9,NA
DTE1024,Oct_2024,89,75,10,NA
DTE1024,Nov_2024,86,74,9,NA
DTE1024,Dec_2024,87,80,7,NA
DTE1024,Jan_2025,92,77,9,NA
DTE1025,Aug_2024,89,65,10,82
DTE1025,Sep_2024,84,69,8,76
DTE1025,Oct_2024,89,69,10,79
DTE1025,Nov_2024,89,64,9,88
DTE1025,Dec_2024,88,66,8,82
DTE1025,Jan_2025,87,67,7,77
DTE1026,Aug_2024,67,45,3,67
DTE1026,Sep_2024,59,47,2,49
DTE1026,Oct_2024,48,47,6,39
DTE1026,Nov_2024,42,46,3,35
DTE1026,Dec_2024,34,46,6,32
DTE1026,Jan_2025,50,31,6,43
DTE1027,Aug_2024,89,78,9,NA
DTE1027,Sep_2024,94,76,7,NA
DTE1027,Oct_2024,95,78,7,NA
DTE1027,Nov_2024,93,75,8,NA
DTE1027,Dec_2024,94,72,9,NA
DTE1027,Jan_2025,94,74,7,NA
DTE1028,Aug_2024,82,75,8,NA
DTE1028,Sep_2024,85,76,8,NA
DTE1028,Oct_2024,85,81,7,NA
DTE1028,Nov_2024,83,77,10,NA
DTE1028,Dec_2024,83,75,9,NA
DTE1028,Jan_2025,83,75,7,NA
DTE1029,Aug_2024,92,81,7,NA
DTE1029,Sep_2024,93,79,10,NA
DTE1029,Oct_2024,93,80,10,NA
DTE1029,Nov_2024,89,78,8,NA
DTE1029,Dec_2024,91,84,8,NA
DTE1029,Jan_2025,95,82,10,NA
DTE1030,Aug_2024,80,90,7,75
DTE1030,Sep_2024,86,92,10,85
DTE1030,Oct_2024,86,88,10,76
DTE1030,Nov_2024,82,88,9,74
DTE1030,Dec_2024,80,89,8,76
DTE1030,Jan_2025,85,91,7,75
DTE1031,Aug_2024,87,68,8,NA
DTE1031,Sep_2024,84,71,8,NA
DTE1031,Oct_2024,82,71,10,NA
DTE1031,Nov_2024,87,70,7,NA
DTE1031,Dec_2024,79,73,10,NA
DTE1031,Jan_2025,83,72,8,NA
DTE1032,Aug_2024,63,50,6,NA
DTE1032,Sep_2024,57,50,3,NA
DTE1032,Oct_2024,48,38,3,NA
DTE1032,Nov_2024,44,33,4,NA
DTE1032,Dec_2024,49,38,3,NA
DTE1032,Jan_2025,25,26,3,NA
DTE1033,Aug_2024,96,84,9,NA
DTE1033,Sep_2024,93,83,9,NA
DTE1033,Oct_2024,95,80,8,NA
DTE1033,Nov_2024,93,80,8,NA
DTE1033,Dec_2024,95,82,9,NA
DTE1033,Jan_2025,88,83,8,NA
DTE1034,Aug_2024,57,45,2,NA
DTE1034,Sep_2024,52,44,5,NA
DTE1034,Oct_2024,40,34,2,NA
DTE1034,Nov_2024,40,42,2,NA
DTE1034,Dec_2024,41,28,5,NA
DTE1034,Jan_2025,34,40,4,NA
DTE1035,Aug_2024,88,83,7,NA
DTE1035,Sep_2024,88,85,7,NA
DTE1035,Oct_2024,89,85,9,NA
DTE1035,Nov_2024,88,80,9,NA
DTE1035,Dec_2024,88,81,10,NA
DTE1035,Jan_2025,90,80,9,NA
DTE1036,Aug_2024,57,49,3,47
DTE1036,Sep_2024,53,52,6,46
DTE1036,Oct_2024,51,44,6,41
DTE1036,Nov_2024,42,35,2,33
DTE1036,Dec_2024,44,47,6,41
DTE1036,Jan_2025,27,40,2,17
DTE1037,Aug_2024,47,61,6,NA
DTE1037,Sep_2024,44,60,2,NA
DTE1037,Oct_2024,33,56,5,NA
DTE1037,Nov_2024,41,57,5,NA
DTE1037,Dec_2024,31,50,2,NA
DTE1037,Jan_2025,20,48,5,NA
DTE1038,Aug_2024,66,32,5,NA
DTE1038,Sep_2024,59,33,2,NA
DTE1038,Oct_2024,53,28,3,NA
DTE1038,Nov_2024,57,28,2,NA
DTE1038,Dec_2024,33,31,5,NA
DTE1038,Jan_2025,30,33,4,NA
DTE1039,Aug_2024,79,82,7,72
DTE1039,Sep_2024,78,83,7,73
DTE1039,Oct_2024,83,87,8,82
DTE1039,Nov_2024,82,87,7,72
DTE1039,Dec_2024,82,85,7,81
DTE1039,Jan_2025,75,81,10,70
DTE1040,Aug_2024,91,94,8,91
DTE1040,Sep_2024,97,88,9,88
DTE1040,Oct_2024,96,88,7,86
DTE1040,Nov_2024,90,92,7,86
DTE1040,Dec_2024,96,91,7,87
DTE1040,Jan_2025,96,89,7,89
DTE1041,Aug_2024,82,79,10,73
DTE1041,Sep_2024,77,78,7,70
DTE1041,Oct_2024,84,78,8,83
DTE1041,Nov_2024,77,76,7,68
DTE1041,Dec_2024,79,80,8,69
DTE1041,Jan_2025,84,78,9,78
DTE1042,Aug_2024,93,75,10,NA
DTE1042,Sep_2024,88,71,8,NA
DTE1042,Oct_2024,86,70,8,NA
DTE1042,Nov_2024,90,74,10,NA
DTE1042,Dec_2024,94,75,9,NA
DTE1042,Jan_2025,90,74,8,NA
DTE1043,Aug_2024,82,85,9,NA
DTE1043,Sep_2024,85,84,9,NA
DTE1043,Oct_2024,80,86,8,NA
DTE1043,Nov_2024,80,83,7,NA
DTE1043,Dec_2024,86,84,8,NA
DTE1043,Jan_2025,83,87,8,NA
DTE1044,Aug_2024,42,42,5,35
DTE1044,Sep_2024,40,42,4,31
DTE1044,Oct_2024,34,34,2,27
DTE1044,Nov_2024,20,39,2,10
DTE1044,Dec_2024,32,37,3,29
DTE1044,Jan_2025,20,27,5,18
DTE1045,Aug_2024,80,72,7,79
DTE1045,Sep_2024,85,70,7,83
DTE1045,Oct_2024,84,73,8,74
DTE1045,Nov_2024,85,70,7,82
DTE1045,Dec_2024,83,72,8,80
DTE1045,Jan_2025,84,75,8,79
DTE1046,Aug_2024,45,44,3,45
DTE1046,Sep_2024,40,40,3,34
DTE1046,Oct_2024,33,42,4,26
DTE1046,Nov_2024,38,39,3,30
DTE1046,Dec_2024,20,28,2,19
DTE1046,Jan_2025,30,34,6,24
DTE1047,Aug_2024,58,45,5,NA
DTE1047,Sep_2024,46,45,6,NA
DTE1047,Oct_2024,49,39,3,NA
DTE1047,Nov_2024,41,40,4,NA
DTE1047,Dec_2024,29,37,5,NA
DTE1047,Jan_2025,45,42,6,NA
DTE1048,Aug_2024,77,68,10,NA
DTE1048,Sep_2024,84,69,10,NA
DTE1048,Oct_2024,84,70,8,NA
DTE1048,Nov_2024,81,72,9,NA
DTE1048,Dec_2024,84,72,10,NA
DTE1048,Jan_2025,83,70,9,NA
DTE1049,Aug_2024,87,86,7,NA
DTE1049,Sep_2024,84,82,8,NA
DTE1049,Oct_2024,88,87,8,NA
DTE1049,Nov_2024,87,82,9,NA
DTE1049,Dec_2024,87,84,8,NA
DTE1049,Jan_2025,86,83,7,NA
DTE1050,Aug_2024,79,86,7,75
DTE1050,Sep_2024,84,84,9,81
DTE1050,Oct_2024,77,83,9,71
DTE1050,Nov_2024,84,83,10,78
DTE1050,Dec_2024,82,86,10,77
DTE1050,Jan_2025,81,83,7,79
DTE1051,Aug_2024,85,77,9,75
DTE1051,Sep_2024,79,78,7,75
DTE1051,Oct_2024,86,80,7,82
DTE1051,Nov_2024,81,76,7,80
DTE1051,Dec_2024,83,76,8,78
DTE1051,Jan_2025,81,81,9,77
DTE1052,Aug_2024,60,49,6,NA
DTE1052,Sep_2024,58,39,4,NA
DTE1052,Oct_2024,55,41,6,NA
DTE1052,Nov_2024,40,46,6,NA
DTE1052,Dec_2024,31,37,3,NA
DTE1052,Jan_2025,29,35,6,NA
DTE1053,Aug_2024,60,37,5,NA
DTE1053,Sep_2024,54,37,3,NA
DTE1053,Oct_2024,46,27,5,NA
DTE1053,Nov_2024,29,25,3,NA
DTE1053,Dec_2024,33,29,2,NA
DTE1053,Jan_2025,33,25,5,NA
DTE1054,Aug_2024,98,83,10,NA
DTE1054,Sep_2024,98,80,9,NA
DTE1054,Oct_2024,92,82,7,NA
DTE1054,Nov_2024,94,79,9,NA
DTE1054,Dec_2024,98,81,8,NA
DTE1054,Jan_2025,98,78,10,NA
DTE1055,Aug_2024,92,67,7,NA
DTE1055,Sep_2024,94,68,10,NA
DTE1055,Oct_2024,93,64,8,NA
DTE1055,Nov_2024,90,69,8,NA
DTE1055,Dec_2024,89,70,10,NA
DTE1055,Jan_2025,89,65,8,NA
DTE1056,Aug_2024,79,82,9,NA
DTE1056,Sep_2024,81,80,9,NA
DTE1056,Oct_2024,86,79,10,NA
DTE1056,Nov_2024,78,81,7,NA
DTE1056,Dec_2024,80,81,10,NA
DTE1056,Jan_2025,84,80,7,NA
DTE1057,Aug_2024,63,40,2,NA
DTE1057,Sep_2024,54,41,3,NA
DTE1057,Oct_2024,59,32,3,NA
DTE1057,Nov_2024,43,26,3,NA
DTE1057,Dec_2024,37,25,2,NA
DTE1057,Jan_2025,43,25,5,NA
DTE1058,Aug_2024,56,49,6,NA
DTE1058,Sep_2024,50,47,2,NA
DTE1058,Oct_2024,38,50,5,NA
DTE1058,Nov_2024,42,42,3,NA
DTE1058,Dec_2024,30,43,5,NA
DTE1058,Jan_2025,33,28,6,NA
DTE1059,Aug_2024,89,74,7,NA
DTE1059,Sep_2024,91,77,8,NA
DTE1059,Oct_2024,92,76,9,NA
DTE1059,Nov_2024,89,76,8,NA
DTE1059,Dec_2024,95,74,7,NA
DTE1059,Jan_2025,93,71,7,NA
DTE1060,Aug_2024,86,91,9,80
DTE1060,Sep_2024,85,86,9,82
DTE1060,Oct_2024,86,85,10,86
DTE1060,Nov_2024,79,90,10,73
DTE1060,Dec_2024,83,90,10,80
DTE1060,Jan_2025,84,85,7,80
DTE1061,Aug_2024,77,84,8,NA
DTE1061,Sep_2024,81,84,10,NA
DTE1061,Oct_2024,83,82,7,NA
DTE1061,Nov_2024,77,83,8,NA
DTE1061,Dec_2024,83,80,10,NA
DTE1061,Jan_2025,80,85,8,NA
DTE1062,Aug_2024,82,79,7,NA
DTE1062,Sep_2024,81,74,9,NA
DTE1062,Oct_2024,81,77,10,NA
DTE1062,Nov_2024,82,73,7,NA
DTE1062,Dec_2024,84,74,10,NA
DTE1062,Jan_2025,85,74,8,NA
DTE1063,Aug_2024,91,70,8,84
DTE1063,Sep_2024,91,71,7,85
DTE1063,Oct_2024,95,68,7,86
DTE1063,Nov_2024,91,65,10,88
DTE1063,Dec_2024,94,67,8,91
DTE1063,Jan_2025,92,65,10,92
DTE1064,Aug_2024,82,90,8,72
DTE1064,Sep_2024,83,89,7,73
DTE1064,Oct_2024,84,93,8,84
DTE1064,Nov_2024,88,92,7,83
DTE1064,Dec_2024,87,92,8,78
DTE1064,Jan_2025,85,92,10,79
DTE1065,Aug_2024,88,82,8,87
DTE1065,Sep_2024,92,83,8,92
DTE1065,Oct_2024,93,86,9,93
DTE1065,Nov_2024,93,82,10,90
DTE1065,Dec_2024,88,86,9,78
DTE1065,Jan_2025,92,81,7,89
DTE1066,Aug_2024,89,83,10,88
DTE1066,Sep_2024,91,87,8,87
DTE1066,Oct_2024,84,85,9,74
DTE1066,Nov_2024,89,86,8,84
DTE1066,Dec_2024,85,86,9,75
DTE1066,Jan_2025,90,81,9,90
DTE1067,Aug_2024,50,35,6,NA
DTE1067,Sep_2024,44,34,2,NA
DTE1067,Oct_2024,46,36,2,NA
DTE1067,Nov_2024,37,32,3,NA
DTE1067,Dec_2024,20,29,4,NA
DTE1067,Jan_2025,21,25,5,NA
DTE1068,Aug_2024,79,88,7,76
DTE1068,Sep_2024,83,88,9,81
DTE1068,Oct_2024,80,85,7,72
DTE1068,Nov_2024,82,88,9,82
DTE1068,Dec_2024,79,89,9,74
DTE1068,Jan_2025,79,84,7,69
DTE1069,Aug_2024,72,49,5,NA
DTE1069,Sep_2024,59,43,2,NA
DTE1069,Oct_2024,60,36,2,NA
DTE1069,Nov_2024,45,38,2,NA
DTE1069,Dec_2024,59,29,3,NA
DTE1069,Jan_2025,49,25,5,NA
DTE1070,Aug_2024,88,89,8,NA
DTE1070,Sep_2024,87,91,8,NA
DTE1070,Oct_2024,87,90,9,NA
DTE1070,Nov_2024,91,93,8,NA
DTE1070,Dec_2024,88,94,10,NA
DTE1070,Jan_2025,85,90,10,NA
DTE1071,Aug_2024,93,64,10,NA
DTE1071,Sep_2024,94,66,10,NA
DTE1071,Oct_2024,89,69,10,NA
DTE1071,Nov_2024,87,69,10,NA
DTE1071,Dec_2024,93,69,7,NA
DTE1071,Jan_2025,91,67,8,NA
DTE1072,Aug_2024,81,77,8,NA
DTE1072,Sep_2024,77,75,10,NA
DTE1072,Oct_2024,77,75,9,NA
DTE1072,Nov_2024,79,76,10,NA
DTE1072,Dec_2024,74,74,8,NA
DTE1072,Jan_2025,80,73,8,NA
DTE1073,Aug_2024,90,82,7,NA
DTE1073,Sep_2024,95,87,9,NA
DTE1073,Oct_2024,94,85,10,NA
DTE1073,Nov_2024,93,87,9,NA
DTE1073,Dec_2024,93,85,9,NA
DTE1073,Jan_2025,88,85,7,NA
DTE1074,Aug_2024,52,39,3,NA
DTE1074,Sep_2024,39,40,4,NA
DTE1074,Oct_2024,41,35,4,NA
DTE1074,Nov_2024,32,38,5,NA
DTE1074,Dec_2024,20,33,2,NA
DTE1074,Jan_2025,20,28,2,NA
DTE1075,Aug_2024,80,67,10,NA
DTE1075,Sep_2024,80,67,8,NA
DTE1075,Oct_2024,80,65,7,NA
DTE1075,Nov_2024,79,70,10,NA
DTE1075,Dec_2024,84,70,7,NA
DTE1075,Jan_2025,86,66,10,NA
DTE1076,Aug_2024,82,94,10,78
DTE1076,Sep_2024,84,92,10,75
DTE1076,Oct_2024,84,93,10,83
DTE1076,Nov_2024,81,93,9,79
DTE1076,Dec_2024,84,93,8,78
DTE1076,Jan_2025,84,88,8,77
DTE1077,Aug_2024,88,66,7,NA
DTE1077,Sep_2024,94,70,10,NA
DTE1077,Oct_2024,92,71,10,NA
DTE1077,Nov_2024,90,67,9,NA
DTE1077,Dec_2024,90,71,8,NA
DTE1077,Jan_2025,91,69,8,NA
DTE1078,Aug_2024,81,78,10,NA
DTE1078,Sep_2024,76,79,8,NA
DTE1078,Oct_2024,73,83,8,NA
DTE1078,Nov_2024,76,80,10,NA
DTE1078,Dec_2024,80,83,7,NA
DTE1078,Jan_2025,75,78,9,NA
DTE1079,Aug_2024,92,86,7,NA
DTE1079,Sep_2024,95,83,9,NA
DTE1079,Oct_2024,91,87,8,NA
DTE1079,Nov_2024,98,86,7,NA
DTE1079,Dec_2024,91,83,9,NA
DTE1079,Jan_2025,91,88,7,NA
DTE1080,Aug_2024,80,77,7,NA
DTE1080,Sep_2024,85,80,9,NA
DTE1080,Oct_2024,86,79,9,NA
DTE1080,Nov_2024,85,78,9,NA
DTE1080,Dec_2024,84,78,8,NA
DTE1080,Jan_2025,84,81,10,NA
DTE1081,Aug_2024,80,69,7,NA
DTE1081,Sep_2024,79,71,9,NA
DTE1081,Oct_2024,75,65,10,NA
DTE1081,Nov_2024,80,70,8,NA
DTE1081,Dec_2024,74,69,7,NA
DTE1081,Jan_2025,82,67,8,NA
DTE1082,Aug_2024,78,75,10,NA
DTE1082,Sep_2024,81,75,8,NA
DTE1082,Oct_2024,73,77,9,NA
DTE1082,Nov_2024,73,77,9,NA
DTE1082,Dec_2024,73,78,9,NA
DTE1082,Jan_2025,80,73,10,NA
DTE1083,Aug_2024,63,51,5,NA
DTE1083,Sep_2024,63,50,6,NA
DTE1083,Oct_2024,64,49,6,NA
DTE1083,Nov_2024,63,49,2,NA
DTE1083,Dec_2024,53,30,5,NA
DTE1083,Jan_2025,62,33,3,NA
DTE1084,Aug_2024,75,69,8,NA
DTE1084,Sep_2024,73,68,10,NA
DTE1084,Oct_2024,72,69,9,NA
DTE1084,Nov_2024,78,74,9,NA
DTE1084,Dec_2024,75,73,9,NA
DTE1084,Jan_2025,79,73,7,NA
DTE1085,Aug_2024,66,47,5,NA
DTE1085,Sep_2024,59,43,6,NA
DTE1085,Oct_2024,60,41,5,NA
DTE1085,Nov_2024,43,33,3,NA
DTE1085,Dec_2024,47,32,2,NA
DTE1085,Jan_2025,53,42,6,NA
DTE1086,Aug_2024,50,58,3,NA
DTE1086,Sep_2024,39,57,2,NA
DTE1086,Oct_2024,42,58,3,NA
DTE1086,Nov_2024,23,46,4,NA
DTE1086,Dec_2024,20,53,6,NA
DTE1086,Jan_2025,20,49,2,NA
DTE1087,Aug_2024,80,75,10,NA
DTE1087,Sep_2024,77,70,9,NA
DTE1087,Oct_2024,75,72,10,NA
DTE1087,Nov_2024,74,73,9,NA
DTE1087,Dec_2024,74,74,7,NA
DTE1087,Jan_2025,77,71,7,NA
DTE1088,Aug_2024,87,71,10,NA
DTE1088,Sep_2024,86,68,9,NA
DTE1088,Oct_2024,89,65,9,NA
DTE1088,Nov_2024,85,71,8,NA
DTE1088,Dec_2024,86,70,7,NA
DTE1088,Jan_2025,85,71,10,NA
DTE1089,Aug_2024,90,65,8,NA
DTE1089,Sep_2024,84,67,10,NA
DTE1089,Oct_2024,89,66,10,NA
DTE1089,Nov_2024,89,69,10,NA
DTE1089,Dec_2024,90,63,9,NA
DTE1089,Jan_2025,88,68,8,NA
DTE1090,Aug_2024,51,56,3,46
DTE1090,Sep_2024,37,57,4,30
DTE1090,Oct_2024,40,53,5,33
DTE1090,Nov_2024,36,51,3,26
DTE1090,Dec_2024,46,44,3,40
DTE1090,Jan_2025,20,46,4,13
DTE1091,Aug_2024,79,82,7,71
DTE1091,Sep_2024,82,86,10,80
DTE1091,Oct_2024,83,83,7,82
DTE1091,Nov_2024,80,85,10,76
DTE1091,Dec_2024,79,87,10,69
DTE1091,Jan_2025,78,88,10,68
DTE1092,Aug_2024,82,79,10,77
DTE1092,Sep_2024,76,77,7,75
DTE1092,Oct_2024,77,80,8,77
DTE1092,Nov_2024,83,79,7,74
DTE1092,Dec_2024,78,80,10,68
DTE1092,Jan_2025,82,79,8,81
DTE1093,Aug_2024,97,65,8,NA
DTE1093,Sep_2024,98,71,7,NA
DTE1093,Oct_2024,98,69,10,NA
DTE1093,Nov_2024,93,69,7,NA
DTE1093,Dec_2024,95,70,7,NA
DTE1093,Jan_2025,94,71,8,NA
DTE1094,Aug_2024,73,81,10,68
DTE1094,Sep_2024,74,77,8,65
DTE1094,Oct_2024,76,82,8,75
DTE1094,Nov_2024,81,79,7,80
DTE1094,Dec_2024,74,81,9,69
DTE1094,Jan_2025,81,78,10,71
DTE1095,Aug_2024,60,51,6,56
DTE1095,Sep_2024,56,47,6,49
DTE1095,Oct_2024,50,47,6,42
DTE1095,Nov_2024,39,50,2,36
DTE1095,Dec_2024,50,45,3,48
DTE1095,Jan_2025,29,30,4,25
DTE1096,Aug_2024,43,50,6,NA
DTE1096,Sep_2024,39,52,3,NA
DTE1096,Oct_2024,28,44,5,NA
DTE1096,Nov_2024,24,45,2,NA
DTE1096,Dec_2024,20,43,3,NA
DTE1096,Jan_2025,20,40,6,NA
DTE1097,Aug_2024,43,58,3,NA
DTE1097,Sep_2024,39,48,6,NA
DTE1097,Oct_2024,35,50,6,NA
DTE1097,Nov_2024,37,37,4,NA
DTE1097,Dec_2024,20,50,4,NA
DTE1097,Jan_2025,26,42,2,NA
DTE1098,Aug_2024,87,89,10,86
DTE1098,Sep_2024,82,89,9,73
DTE1098,Oct_2024,88,88,9,79
DTE1098,Nov_2024,85,92,9,76
DTE1098,Dec_2024,82,88,8,77
DTE1098,Jan_2025,87,89,9,77
DTE1099,Aug_2024,98,92,10,NA
DTE1099,Sep_2024,98,92,8,NA
DTE1099,Oct_2024,95,88,8,NA
DTE1099,Nov_2024,93,89,10,NA
DTE1099,Dec_2024,95,88,9,NA
DTE1099,Jan_2025,94,93,10,NA
DTE1100,Aug_2024,86,73,10,NA
DTE1100,Sep_2024,84,78,10,NA
DTE1100,Oct_2024,87,74,9,NA
DTE1100,Nov_2024,85,76,8,NA
DTE1100,Dec_2024,83,77,7,NA
DTE1100,Jan_2025,83,75,9,NA
DTE1101,Aug_2024,81,69,7,NA
DTE1101,Sep_2024,81,69,8,NA
DTE1101,Oct_2024,81,65,7,NA
DTE1101,Nov_2024,81,69,9,NA
DTE1101,Dec_2024,88,67,7,NA
DTE1101,Jan_2025,86,69,8,NA
DTE1102,Aug_2024,86,80,7,NA
DTE1102,Sep_2024,85,77,8,NA
DTE1102,Oct_2024,79,82,10,NA
DTE1102,Nov_2024,87,82,9,NA
DTE1102,Dec_2024,82,82,7,NA
DTE1102,Jan_2025,86,78,8,NA
DTE1103,Aug_2024,78,67,9,76
DTE1103,Sep_2024,84,69,7,78
DTE1103,Oct_2024,83,70,8,78
DTE1103,Nov_2024,77,69,8,69
DTE1103,Dec_2024,77,69,9,70
DTE1103,Jan_2025,80,69,8,80
DTE1104,Aug_2024,91,67,9,NA
DTE1104,Sep_2024,93,72,7,NA
DTE1104,Oct_2024,92,70,10,NA
DTE1104,Nov_2024,85,68,7,NA
DTE1104,Dec_2024,92,68,9,NA
DTE1104,Jan_2025,90,66,7,NA
DTE1105,Aug_2024,48,56,2,47
DTE1105,Sep_2024,40,50,6,32
DTE1105,Oct_2024,37,49,2,35
DTE1105,Nov_2024,21,48,5,16
DTE1105,Dec_2024,32,43,6,28
DTE1105,Jan_2025,42,40,5,40
DTE1106,Aug_2024,75,85,10,NA
DTE1106,Sep_2024,73,85,8,NA
DTE1106,Oct_2024,74,84,9,NA
DTE1106,Nov_2024,73,84,10,NA
DTE1106,Dec_2024,79,88,9,NA
DTE1106,Jan_2025,73,84,8,NA
DTE1107,Aug_2024,90,85,9,NA
DTE1107,Sep_2024,84,83,10,NA
DTE1107,Oct_2024,91,83,8,NA
DTE1107,Nov_2024,88,86,10,NA
DTE1107,Dec_2024,91,85,10,NA
DTE1107,Jan_2025,85,80,7,NA
DTE1108,Aug_2024,78,65,8,NA
DTE1108,Sep_2024,83,68,7,NA
DTE1108,Oct_2024,81,64,9,NA
DTE1108,Nov_2024,84,68,7,NA
DTE1108,Dec_2024,84,67,9,NA
DTE1108,Jan_2025,82,67,7,NA
DTE1109,Aug_2024,79,84,8,NA
DTE1109,Sep_2024,81,84,8,NA
DTE1109,Oct_2024,77,89,7,NA
DTE1109,Nov_2024,77,88,8,NA
DTE1109,Dec_2024,79,84,10,NA
DTE1109,Jan_2025,74,88,8,NA
DTE1110,Aug_2024,86,94,8,NA
DTE1110,Sep_2024,86,88,8,NA
DTE1110,Oct_2024,89,88,9,NA
DTE1110,Nov_2024,86,89,10,NA
DTE1110,Dec_2024,83,92,8,NA
DTE1110,Jan_2025,84,94,7,NA
DTE1111,Aug_2024,87,80,9,NA
DTE1111,Sep_2024,84,78,9,NA
DTE1111,Oct_2024,87,80,7,NA
DTE1111,Nov_2024,89,80,7,NA
DTE1111,Dec_2024,85,77,9,NA
DTE1111,Jan_2025,86,79,9,NA
DTE1112,Aug_2024,89,80,9,NA
DTE1112,Sep_2024,83,80,7,NA
DTE1112,Oct_2024,83,79,9,NA
DTE1112,Nov_2024,86,81,10,NA
DTE1112,Dec_2024,87,83,7,NA
DTE1112,Jan_2025,89,80,9,NA
DTE1113,Aug_2024,90,77,9,NA
DTE1113,Sep_2024,87,75,7,NA
DTE1113,Oct_2024,83,80,8,NA
DTE1113,Nov_2024,88,77,9,NA
DTE1113,Dec_2024,91,79,9,NA
DTE1113,Jan_2025,86,80,9,NA
DTE1114,Aug_2024,82,70,10,81
DTE1114,Sep_2024,80,67,7,80
DTE1114,Oct_2024,82,67,10,81
DTE1114,Nov_2024,80,70,9,76
DTE1114,Dec_2024,86,72,8,78
DTE1114,Jan_2025,81,66,8,78
DTE1115,Aug_2024,84,70,9,76
DTE1115,Sep_2024,83,68,10,73
DTE1115,Oct_2024,79,69,7,72
DTE1115,Nov_2024,84,70,7,82
DTE1115,Dec_2024,82,71,8,78
DTE1115,Jan_2025,78,70,7,75
DTE1116,Aug_2024,98,71,7,NA
DTE1116,Sep_2024,94,71,10,NA
DTE1116,Oct_2024,98,74,10,NA
DTE1116,Nov_2024,98,72,9,NA
DTE1116,Dec_2024,95,69,7,NA
DTE1116,Jan_2025,94,72,8,NA
DTE1117,Aug_2024,76,88,10,NA
DTE1117,Sep_2024,84,87,9,NA
DTE1117,Oct_2024,80,88,8,NA
DTE1117,Nov_2024,80,87,9,NA
DTE1117,Dec_2024,84,82,8,NA
DTE1117,Jan_2025,79,82,8,NA
DTE1118,Aug_2024,90,77,8,NA
DTE1118,Sep_2024,90,78,9,NA
DTE1118,Oct_2024,86,82,8,NA
DTE1118,Nov_2024,89,81,7,NA
DTE1118,Dec_2024,86,82,9,NA
DTE1118,Jan_2025,91,79,7,NA
DTE1119,Aug_2024,85,75,8,NA
DTE1119,Sep_2024,83,77,9,NA
DTE1119,Oct_2024,82,73,7,NA
DTE1119,Nov_2024,82,74,9,NA
DTE1119,Dec_2024,79,75,7,NA
DTE1119,Jan_2025,85,78,7,NA
DTE1120,Aug_2024,80,84,9,NA
DTE1120,Sep_2024,82,80,10,NA
DTE1120,Oct_2024,77,81,9,NA
DTE1120,Nov_2024,77,83,10,NA
DTE1120,Dec_2024,76,82,8,NA
DTE1120,Jan_2025,80,81,8,NA
DTE1121,Aug_2024,80,83,10,NA
DTE1121,Sep_2024,75,86,8,NA
DTE1121,Oct_2024,75,84,10,NA
DTE1121,Nov_2024,75,88,9,NA
DTE1121,Dec_2024,73,85,8,NA
DTE1121,Jan_2025,75,89,10,NA
DTE1122,Aug_2024,87,72,8,NA
DTE1122,Sep_2024,85,75,8,NA
DTE1122,Oct_2024,91,77,10,NA
DTE1122,Nov_2024,85,77,8,NA
DTE1122,Dec_2024,84,76,7,NA
DTE1122,Jan_2025,90,75,7,NA
DTE1123,Aug_2024,85,73,7,NA
DTE1123,Sep_2024,84,68,8,NA
DTE1123,Oct_2024,85,69,8,NA
DTE1123,Nov_2024,84,73,7,NA
DTE1123,Dec_2024,85,71,9,NA
DTE1123,Jan_2025,85,68,8,NA
DTE1124,Aug_2024,49,43,3,NA
DTE1124,Sep_2024,45,35,3,NA
DTE1124,Oct_2024,42,32,6,NA
DTE1124,Nov_2024,36,34,6,NA
DTE1124,Dec_2024,34,39,5,NA
DTE1124,Jan_2025,30,32,3,NA
DTE1125,Aug_2024,80,78,8,NA
DTE1125,Sep_2024,79,80,9,NA
DTE1125,Oct_2024,77,80,10,NA
DTE1125,Nov_2024,75,78,8,NA
DTE1125,Dec_2024,75,76,7,NA
DTE1125,Jan_2025,78,77,7,NA
DTE1126,Aug_2024,47,35,2,NA
DTE1126,Sep_2024,46,29,5,NA
DTE1126,Oct_2024,43,28,5,NA
DTE1126,Nov_2024,46,30,4,NA
DTE1126,Dec_2024,34,32,4,NA
DTE1126,Jan_2025,26,34,3,NA
DTE1127,Aug_2024,78,68,8,NA
DTE1127,Sep_2024,82,69,10,NA
DTE1127,Oct_2024,77,66,10,NA
DTE1127,Nov_2024,80,67,7,NA
DTE1127,Dec_2024,81,67,8,NA
DTE1127,Jan_2025,82,68,9,NA
DTE1128,Aug_2024,61,53,5,52
DTE1128,Sep_2024,48,51,3,42
DTE1128,Oct_2024,51,42,6,44
DTE1128,Nov_2024,39,36,2,30
DTE1128,Dec_2024,34,36,3,33
DTE1128,Jan_2025,39,34,2,34
DTE1129,Aug_2024,91,76,8,NA
DTE1129,Sep_2024,84,73,9,NA
DTE1129,Oct_2024,88,79,8,NA
DTE1129,Nov_2024,87,76,8,NA
DTE1129,Dec_2024,91,76,8,NA
DTE1129,Jan_2025,86,79,8,NA
DTE1130,Aug_2024,92,91,8,NA
DTE1130,Sep_2024,93,91,8,NA
DTE1130,Oct_2024,98,91,7,NA
DTE1130,Nov_2024,98,88,7,NA
DTE1130,Dec_2024,93,91,7,NA
DTE1130,Jan_2025,98,92,8,NA
DTE1131,Aug_2024,64,52,2,NA
DTE1131,Sep_2024,56,54,5,NA
DTE1131,Oct_2024,60,52,3,NA
DTE1131,Nov_2024,42,39,5,NA
DTE1131,Dec_2024,38,45,2,NA
DTE1131,Jan_2025,41,46,2,NA
DTE1132,Aug_2024,91,77,8,NA
DTE1132,Sep_2024,89,76,10,NA
DTE1132,Oct_2024,96,77,9,NA
DTE1132,Nov_2024,97,75,8,NA
DTE1132,Dec_2024,95,74,9,NA
DTE1132,Jan_2025,90,77,10,NA
DTE1133,Aug_2024,80,90,8,NA
DTE1133,Sep_2024,84,89,7,NA
DTE1133,Oct_2024,81,88,8,NA
DTE1133,Nov_2024,86,89,7,NA
DTE1133,Dec_2024,85,88,9,NA
DTE1133,Jan_2025,84,91,10,NA
DTE1134,Aug_2024,83,64,9,73
DTE1134,Sep_2024,87,65,9,86
DTE1134,Oct_2024,82,64,9,73
DTE1134,Nov_2024,86,64,8,82
DTE1134,Dec_2024,83,68,7,82
DTE1134,Jan_2025,84,68,7,80
DTE1135,Aug_2024,94,90,8,NA
DTE1135,Sep_2024,91,87,9,NA
DTE1135,Oct_2024,92,90,7,NA
DTE1135,Nov_2024,98,86,7,NA
DTE1135,Dec_2024,96,86,9,NA
DTE1135,Jan_2025,91,88,9,NA
DTE1136,Aug_2024,78,84,8,NA
DTE1136,Sep_2024,77,86,10,NA
DTE1136,Oct_2024,77,81,7,NA
DTE1136,Nov_2024,77,83,7,NA
DTE1136,Dec_2024,80,86,8,NA
DTE1136,Jan_2025,72,84,10,NA
DTE1137,Aug_2024,86,84,7,NA
DTE1137,Sep_2024,83,81,8,NA
DTE1137,Oct_2024,86,80,7,NA
DTE1137,Nov_2024,82,81,8,NA
DTE1137,Dec_2024,81,84,9,NA
DTE1137,Jan_2025,86,86,8,NA
DTE1138,Aug_2024,86,83,9,NA
DTE1138,Sep_2024,87,81,10,NA
DTE1138,Oct_2024,84,82,7,NA
DTE1138,Nov_2024,83,85,10,NA
DTE1138,Dec_2024,82,87,7,NA
DTE1138,Jan_2025,83,87,9,NA
DTE1139,Aug_2024,94,89,7,87
DTE1139,Sep_2024,87,86,9,85
DTE1139,Oct_2024,90,84,7,86
DTE1139,Nov_2024,91,85,7,90
DTE1139,Dec_2024,88,88,10,84
DTE1139,Jan_2025,93,85,10,83
DTE1140,Aug_2024,77,68,10,NA
DTE1140,Sep_2024,75,70,9,NA
DTE1140,Oct_2024,81,71,8,NA
DTE1140,Nov_2024,82,70,9,NA
DTE1140,Dec_2024,80,68,10,NA
DTE1140,Jan_2025,83,71,9,NA
DTE1141,Aug_2024,79,68,7,NA
DTE1141,Sep_2024,82,69,7,NA
DTE1141,Oct_2024,81,70,7,NA
DTE1141,Nov_2024,83,67,8,NA
DTE1141,Dec_2024,85,70,7,NA
DTE1141,Jan_2025,82,67,10,NA
DTE1142,Aug_2024,80,69,10,NA
DTE1142,Sep_2024,86,72,10,NA
DTE1142,Oct_2024,80,67,8,NA
DTE1142,Nov_2024,80,70,10,NA
DTE1142,Dec_2024,82,70,9,NA
DTE1142,Jan_2025,80,69,9,NA
DTE1143,Aug_2024,95,86,10,NA
DTE1143,Sep_2024,89,87,10,NA
DTE1143,Oct_2024,88,89,8,NA
DTE1143,Nov_2024,95,86,8,NA
DTE1143,Dec_2024,93,89,7,NA
DTE1143,Jan_2025,94,85,9,NA
DTE1144,Aug_2024,93,68,8,NA
DTE1144,Sep_2024,87,66,7,NA
DTE1144,Oct_2024,93,67,9,NA
DTE1144,Nov_2024,89,65,8,NA
DTE1144,Dec_2024,88,67,10,NA
DTE1144,Jan_2025,88,67,10,NA
DTE1145,Aug_2024,90,75,8,NA
DTE1145,Sep_2024,88,72,7,NA
DTE1145,Oct_2024,85,74,9,NA
DTE1145,Nov_2024,88,72,8,NA
DTE1145,Dec_2024,89,74,10,NA
DTE1145,Jan_2025,91,75,8,NA
DTE1146,Aug_2024,45,61,6,39
DTE1146,Sep_2024,40,61,6,37
DTE1146,Oct_2024,45,47,4,35
DTE1146,Nov_2024,20,48,5,18
DTE1146,Dec_2024,21,50,5,17
DTE1146,Jan_2025,20,57,3,10
DTE1147,Aug_2024,82,73,7,NA
DTE1147,Sep_2024,75,69,8,NA
DTE1147,Oct_2024,81,73,8,NA
DTE1147,Nov_2024,81,69,9,NA
DTE1147,Dec_2024,78,69,7,NA
DTE1147,Jan_2025,80,74,9,NA
DTE1148,Aug_2024,79,72,9,NA
DTE1148,Sep_2024,87,76,7,NA
DTE1148,Oct_2024,86,75,10,NA
DTE1148,Nov_2024,85,73,9,NA
DTE1148,Dec_2024,84,76,10,NA
DTE1148,Jan_2025,87,76,9,NA
DTE1149,Aug_2024,49,58,4,47
DTE1149,Sep_2024,38,54,5,32
DTE1149,Oct_2024,44,49,6,43
DTE1149,Nov_2024,37,57,2,28
DTE1149,Dec_2024,29,56,6,21
DTE1149,Jan_2025,40,39,2,30
DTE1150,Aug_2024,47,37,5,NA
DTE1150,Sep_2024,39,33,5,NA
DTE1150,Oct_2024,47,33,5,NA
DTE1150,Nov_2024,41,31,4,NA
DTE1150,Dec_2024,32,30,5,NA
DTE1150,Jan_2025,20,29,2,NA
DTE1151,Aug_2024,73,74,8,NA
DTE1151,Sep_2024,78,80,9,NA
DTE1151,Oct_2024,78,75,10,NA
DTE1151,Nov_2024,76,78,10,NA
DTE1151,Dec_2024,76,78,10,NA
DTE1151,Jan_2025,73,80,10,NA
DTE1152,Aug_2024,83,90,10,81
DTE1152,Sep_2024,87,87,8,81
DTE1152,Oct_2024,84,85,8,76
DTE1152,Nov_2024,82,90,10,72
DTE1152,Dec_2024,85,91,8,80
DTE1152,Jan_2025,84,85,7,84
DTE1153,Aug_2024,80,80,8,NA
DTE1153,Sep_2024,74,84,7,NA
DTE1153,Oct_2024,80,80,8,NA
DTE1153,Nov_2024,81,85,9,NA
DTE1153,Dec_2024,76,81,8,NA
DTE1153,Jan_2025,78,81,8,NA
DTE1154,Aug_2024,88,78,9,NA
DTE1154,Sep_2024,82,74,7,NA
DTE1154,Oct_2024,84,77,7,NA
DTE1154,Nov_2024,83,72,10,NA
DTE1154,Dec_2024,83,72,8,NA
DTE1154,Jan_2025,86,74,8,NA
DTE1155,Aug_2024,82,75,10,77
DTE1155,Sep_2024,84,78,7,77
DTE1155,Oct_2024,81,78,7,74
DTE1155,Nov_2024,82,76,10,76
DTE1155,Dec_2024,86,80,10,84
DTE1155,Jan_2025,83,77,7,81
DTE1156,Aug_2024,82,76,9,77
DTE1156,Sep_2024,89,80,7,87
DTE1156,Oct_2024,90,81,9,89
DTE1156,Nov_2024,85,80,7,77
DTE1156,Dec_2024,82,80,8,79
DTE1156,Jan_2025,87,76,8,87
DTE1157,Aug_2024,95,71,8,94
DTE1157,Sep_2024,92,72,9,85
DTE1157,Oct_2024,93,70,9,85
DTE1157,Nov_2024,94,73,10,88
DTE1157,Dec_2024,98,73,8,94
DTE1157,Jan_2025,92,71,9,86
DTE1158,Aug_2024,90,82,9,88
DTE1158,Sep_2024,92,83,10,86
DTE1158,Oct_2024,96,81,9,91
DTE1158,Nov_2024,90,82,10,84
DTE1158,Dec_2024,92,82,9,87
DTE1158,Jan_2025,90,81,8,90
DTE1159,Aug_2024,80,71,10,76
DTE1159,Sep_2024,80,71,10,80
DTE1159,Oct_2024,73,70,9,67
DTE1159,Nov_2024,74,71,8,73
DTE1159,Dec_2024,75,74,9,70
DTE1159,Jan_2025,74,75,9,73
DTE1160,Aug_2024,72,81,7,NA
DTE1160,Sep_2024,77,80,10,NA
DTE1160,Oct_2024,77,80,7,NA
DTE1160,Nov_2024,78,81,8,NA
DTE1160,Dec_2024,80,80,7,NA
DTE1160,Jan_2025,80,81,7,NA
DTE1161,Aug_2024,90,70,10,85
DTE1161,Sep_2024,89,66,8,89
DTE1161,Oct_2024,91,68,7,87
DTE1161,Nov_2024,90,65,7,83
DTE1161,Dec_2024,86,69,9,77
DTE1161,Jan_2025,90,66,7,86
DTE1162,Aug_2024,87,69,7,80
DTE1162,Sep_2024,91,65,10,91
DTE1162,Oct_2024,95,68,7,90
DTE1162,Nov_2024,87,64,10,86
DTE1162,Dec_2024,93,69,9,89
DTE1162,Jan_2025,92,70,9,86
DTE1163,Aug_2024,75,88,9,NA
DTE1163,Sep_2024,81,88,7,NA
DTE1163,Oct_2024,80,86,10,NA
DTE1163,Nov_2024,81,90,7,NA
DTE1163,Dec_2024,79,88,7,NA
DTE1163,Jan_2025,74,85,7,NA
DTE1164,Aug_2024,77,82,7,72
DTE1164,Sep_2024,83,82,8,82
DTE1164,Oct_2024,80,86,9,72
DTE1164,Nov_2024,77,86,7,73
DTE1164,Dec_2024,77,81,7,73
DTE1164,Jan_2025,78,83,9,69
DTE1165,Aug_2024,88,84,8,NA
DTE1165,Sep_2024,84,86,10,NA
DTE1165,Oct_2024,83,83,9,NA
DTE1165,Nov_2024,84,88,10,NA
DTE1165,Dec_2024,89,87,7,NA
DTE1165,Jan_2025,90,86,8,NA
DTE1166,Aug_2024,97,89,10,93
DTE1166,Sep_2024,95,90,10,92
DTE1166,Oct_2024,91,86,9,90
DTE1166,Nov_2024,95,88,8,85
DTE1166,Dec_2024,93,89,7,92
DTE1166,Jan_2025,97,84,8,97
DTE1167,Aug_2024,45,42,5,42
DTE1167,Sep_2024,38,36,6,30
DTE1167,Oct_2024,30,35,5,20
DTE1167,Nov_2024,30,25,3,25
DTE1167,Dec_2024,27,25,3,21
DTE1167,Jan_2025,27,34,3,17
DTE1168,Aug_2024,57,56,3,50
DTE1168,Sep_2024,48,55,5,46
DTE1168,Oct_2024,46,59,6,39
DTE1168,Nov_2024,36,51,2,31
DTE1168,Dec_2024,29,51,6,23
DTE1168,Jan_2025,20,44,4,15
DTE1169,Aug_2024,86,71,10,80
DTE1169,Sep_2024,88,73,8,82
DTE1169,Oct_2024,87,75,9,79
DTE1169,Nov_2024,92,75,10,91
DTE1169,Dec_2024,85,76,8,84
DTE1169,Jan_2025,88,71,7,88
DTE1170,Aug_2024,88,74,7,NA
DTE1170,Sep_2024,92,73,9,NA
DTE1170,Oct_2024,87,77,10,NA
DTE1170,Nov_2024,90,76,7,NA
DTE1170,Dec_2024,87,78,9,NA
DTE1170,Jan_2025,91,74,8,NA
DTE1171,Aug_2024,80,77,9,NA
DTE1171,Sep_2024,81,80,7,NA
DTE1171,Oct_2024,78,76,10,NA
DTE1171,Nov_2024,81,81,8,NA
DTE1171,Dec_2024,79,77,7,NA
DTE1171,Jan_2025,79,76,9,NA
DTE1172,Aug_2024,97,70,7,87
DTE1172,Sep_2024,97,72,9,97
DTE1172,Oct_2024,92,71,7,90
DTE1172,Nov_2024,90,73,9,83
DTE1172,Dec_2024,90,72,8,83
DTE1172,Jan_2025,91,69,7,82
DTE1173,Aug_2024,80,89,8,72
DTE1173,Sep_2024,84,84,8,83
DTE1173,Oct_2024,77,85,9,70
DTE1173,Nov_2024,83,88,9,75
DTE1173,Dec_2024,80,88,10,76
DTE1173,Jan_2025,81,86,7,76
DTE1174,Aug_2024,87,90,9,NA
DTE1174,Sep_2024,91,91,10,NA
DTE1174,Oct_2024,84,87,7,NA
DTE1174,Nov_2024,85,88,8,NA
DTE1174,Dec_2024,85,87,10,NA
DTE1174,Jan_2025,83,86,10,NA
DTE1175,Aug_2024,66,57,5,56
DTE1175,Sep_2024,73,58,6,66
DTE1175,Oct_2024,57,57,4,52
DTE1175,Nov_2024,56,43,4,53
DTE1175,Dec_2024,65,41,4,56
DTE1175,Jan_2025,62,40,4,58
DTE1176,Aug_2024,89,67,10,79
DTE1176,Sep_2024,90,70,8,82
DTE1176,Oct_2024,92,71,8,88
DTE1176,Nov_2024,95,69,7,91
DTE1176,Dec_2024,88,70,7,85
DTE1176,Jan_2025,92,73,7,92
DTE1177,Aug_2024,94,76,7,88
DTE1177,Sep_2024,92,79,7,92
DTE1177,Oct_2024,91,75,9,87
DTE1177,Nov_2024,95,79,8,94
DTE1177,Dec_2024,91,75,8,85
DTE1177,Jan_2025,88,76,8,88
DTE1178,Aug_2024,54,43,5,48
DTE1178,Sep_2024,50,38,6,46
DTE1178,Oct_2024,51,32,4,42
DTE1178,Nov_2024,46,32,5,38
DTE1178,Dec_2024,43,25,4,34
DTE1178,Jan_2025,24,25,5,18
DTE1179,Aug_2024,86,76,10,81
DTE1179,Sep_2024,93,80,9,86
DTE1179,Oct_2024,90,78,10,84
DTE1179,Nov_2024,91,78,7,83
DTE1179,Dec_2024,85,81,10,84
DTE1179,Jan_2025,87,79,9,84
DTE1180,Aug_2024,88,86,8,NA
DTE1180,Sep_2024,88,88,9,NA
DTE1180,Oct_2024,80,90,10,NA
DTE1180,Nov_2024,82,87,7,NA
DTE1180,Dec_2024,87,90,10,NA
DTE1180,Jan_2025,80,84,7,NA
DTE1181,Aug_2024,95,87,7,90
DTE1181,Sep_2024,92,87,9,83
DTE1181,Oct_2024,98,86,9,98
DTE1181,Nov_2024,92,86,7,89
DTE1181,Dec_2024,98,82,10,96
DTE1181,Jan_2025,94,86,8,90
DTE1182,Aug_2024,52,60,5,NA
DTE1182,Sep_2024,47,52,2,NA
DTE1182,Oct_2024,47,48,2,NA
DTE1182,Nov_2024,44,51,2,NA
DTE1182,Dec_2024,27,37,2,NA
DTE1182,Jan_2025,48,42,3,NA
DTE1183,Aug_2024,81,81,9,NA
DTE1183,Sep_2024,85,81,7,NA
DTE1183,Oct_2024,84,76,7,NA
DTE1183,Nov_2024,80,76,8,NA
DTE1183,Dec_2024,80,79,8,NA
DTE1183,Jan_2025,85,78,9,NA
DTE1184,Aug_2024,77,76,7,68
DTE1184,Sep_2024,80,73,9,74
DTE1184,Oct_2024,79,76,7,72
DTE1184,Nov_2024,79,77,10,77
DTE1184,Dec_2024,73,73,10,72
DTE1184,Jan_2025,79,71,9,79
DTE1185,Aug_2024,93,80,9,91
DTE1185,Sep_2024,93,85,10,89
DTE1185,Oct_2024,86,81,9,78
DTE1185,Nov_2024,94,81,9,86
DTE1185,Dec_2024,92,84,7,90
DTE1185,Jan_2025,88,82,9,81
DTE1186,Aug_2024,81,71,9,NA
DTE1186,Sep_2024,85,69,10,NA
DTE1186,Oct_2024,85,72,8,NA
DTE1186,Nov_2024,87,75,9,NA
DTE1186,Dec_2024,81,74,9,NA
DTE1186,Jan_2025,84,73,10,NA
DTE1187,Aug_2024,92,80,7,90
DTE1187,Sep_2024,94,80,7,87
DTE1187,Oct_2024,98,82,8,95
DTE1187,Nov_2024,92,81,10,86
DTE1187,Dec_2024,92,80,9,91
DTE1187,Jan_2025,91,86,7,84
DTE1188,Aug_2024,97,71,7,NA
DTE1188,Sep_2024,94,69,7,NA
DTE1188,Oct_2024,98,70,8,NA
DTE1188,Nov_2024,98,68,8,NA
DTE1188,Dec_2024,96,70,10,NA
DTE1188,Jan_2025,96,68,8,NA
DTE1189,Aug_2024,86,80,8,85
DTE1189,Sep_2024,84,82,7,81
DTE1189,Oct_2024,84,83,8,84
DTE1189,Nov_2024,89,83,10,80
DTE1189,Dec_2024,92,83,7,87
DTE1189,Jan_2025,86,82,10,83
DTE1190,Aug_2024,89,87,10,81
DTE1190,Sep_2024,91,85,8,90
DTE1190,Oct_2024,93,86,10,92
DTE1190,Nov_2024,87,84,9,86
DTE1190,Dec_2024,87,86,8,87
DTE1190,Jan_2025,94,85,7,91
DTE1191,Aug_2024,94,73,9,88
DTE1191,Sep_2024,95,67,8,91
DTE1191,Oct_2024,91,71,8,83
DTE1191,Nov_2024,98,69,10,89
DTE1191,Dec_2024,90,71,7,81
DTE1191,Jan_2025,97,69,7,97
DTE1192,Aug_2024,45,55,4,NA
DTE1192,Sep_2024,35,54,6,NA
DTE1192,Oct_2024,35,48,3,NA
DTE1192,Nov_2024,35,55,2,NA
DTE1192,Dec_2024,31,54,6,NA
DTE1192,Jan_2025,38,30,4,NA
DTE1193,Aug_2024,49,52,5,41
DTE1193,Sep_2024,51,52,4,48
DTE1193,Oct_2024,44,56,3,36
DTE1193,Nov_2024,40,45,2,32
DTE1193,Dec_2024,34,54,5,32
DTE1193,Jan_2025,31,33,2,24
DTE1194,Aug_2024,42,41,3,37
DTE1194,Sep_2024,35,39,2,26
DTE1194,Oct_2024,39,40,6,30
DTE1194,Nov_2024,34,42,2,33
DTE1194,Dec_2024,36,32,4,36
DTE1194,Jan_2025,26,29,3,22
DTE1195,Aug_2024,88,78,10,NA
DTE1195,Sep_2024,93,79,7,NA
DTE1195,Oct_2024,87,74,9,NA
DTE1195,Nov_2024,94,75,10,NA
DTE1195,Dec_2024,91,80,8,NA
DTE1195,Jan_2025,93,79,9,NA
DTE1196,Aug_2024,89,80,9,NA
DTE1196,Sep_2024,87,78,9,NA
DTE1196,Oct_2024,89,79,7,NA
DTE1196,Nov_2024,84,76,10,NA
DTE1196,Dec_2024,91,76,7,NA
DTE1196,Jan_2025,87,75,8,NA
DTE1197,Aug_2024,82,84,8,81
DTE1197,Sep_2024,83,84,8,83
DTE1197,Oct_2024,81,84,10,71
DTE1197,Nov_2024,85,79,7,78
DTE1197,Dec_2024,78,81,9,69
DTE1197,Jan_2025,84,81,7,84
DTE1198,Aug_2024,92,69,10,NA
DTE1198,Sep_2024,95,63,10,NA
DTE1198,Oct_2024,94,66,7,NA
DTE1198,Nov_2024,91,64,10,NA
DTE1198,Dec_2024,90,68,10,NA
DTE1198,Jan_2025,96,63,9,NA
DTE1199,Aug_2024,78,68,9,NA
DTE1199,Sep_2024,78,68,9,NA
DTE1199,Oct_2024,82,70,8,NA
DTE1199,Nov_2024,78,66,10,NA
DTE1199,Dec_2024,84,70,7,NA
DTE1199,Jan_2025,79,68,10,NA
DTE1200,Aug_2024,82,94,10,76
DTE1200,Sep_2024,86,90,8,80
DTE1200,Oct_2024,85,93,8,83
DTE1200,Nov_2024,78,90,9,77
DTE1200,Dec_2024,81,94,9,76
DTE1200,Jan_2025,84,88,9,79
DTE1201,Aug_2024,95,87,9,85
DTE1201,Sep_2024,91,82,9,82
DTE1201,Oct_2024,96,88,9,94
DTE1201,Nov_2024,98,85,7,91
DTE1201,Dec_2024,91,85,7,86
DTE1201,Jan_2025,98,87,8,92
DTE1202,Aug_2024,40,57,6,NA
DTE1202,Sep_2024,34,55,3,NA
DTE1202,Oct_2024,35,55,5,NA
DTE1202,Nov_2024,40,50,3,NA
DTE1202,Dec_2024,20,35,3,NA
DTE1202,Jan_2025,31,55,6,NA
DTE1203,Aug_2024,95,78,9,95
DTE1203,Sep_2024,96,79,8,96
DTE1203,Oct_2024,92,76,7,82
DTE1203,Nov_2024,93,78,7,84
DTE1203,Dec_2024,91,76,7,90
DTE1203,Jan_2025,96,77,7,88
DTE1204,Aug_2024,80,65,8,75
DTE1204,Sep_2024,84,70,10,83
DTE1204,Oct_2024,85,66,8,85
DTE1204,Nov_2024,84,68,9,79
DTE1204,Dec_2024,85,69,9,78
DTE1204,Jan_2025,83,68,7,81
DTE1205,Aug_2024,78,68,9,76
DTE1205,Sep_2024,73,68,8,68
DTE1205,Oct_2024,81,73,9,78
DTE1205,Nov_2024,79,74,7,69
DTE1205,Dec_2024,75,71,7,74
DTE1205,Jan_2025,76,72,10,68
DTE1206,Aug_2024,79,78,7,70
DTE1206,Sep_2024,85,77,10,80
DTE1206,Oct_2024,82,73,9,79
DTE1206,Nov_2024,83,73,9,80
DTE1206,Dec_2024,85,74,7,82
DTE1206,Jan_2025,85,77,10,80
DTE1207,Aug_2024,90,76,7,85
DTE1207,Sep_2024,96,78,8,89
DTE1207,Oct_2024,95,75,8,87
DTE1207,Nov_2024,92,80,10,82
DTE1207,Dec_2024,91,78,9,87
DTE1207,Jan_2025,94,76,7,93
DTE1208,Aug_2024,79,70,8,NA
DTE1208,Sep_2024,80,72,8,NA
DTE1208,Oct_2024,75,70,7,NA
DTE1208,Nov_2024,75,67,10,NA
DTE1208,Dec_2024,77,73,10,NA
DTE1208,Jan_2025,74,68,7,NA
DTE1209,Aug_2024,96,64,8,95
DTE1209,Sep_2024,92,68,10,86
DTE1209,Oct_2024,95,65,10,87
DTE1209,Nov_2024,93,69,9,92
DTE1209,Dec_2024,95,70,9,86
DTE1209,Jan_2025,91,69,7,90
DTE1210,Aug_2024,81,90,10,NA
DTE1210,Sep_2024,83,92,10,NA
DTE1210,Oct_2024,80,93,10,NA
DTE1210,Nov_2024,78,92,8,NA
DTE1210,Dec_2024,84,87,8,NA
DTE1210,Jan_2025,76,91,9,NA
DTE1211,Aug_2024,93,74,9,NA
DTE1211,Sep_2024,93,72,9,NA
DTE1211,Oct_2024,87,72,9,NA
DTE1211,Nov_2024,93,73,7,NA
DTE1211,Dec_2024,94,75,10,NA
DTE1211,Jan_2025,90,73,10,NA
DTE1212,Aug_2024,84,80,8,82
DTE1212,Sep_2024,79,80,8,73
DTE1212,Oct_2024,87,76,9,86
DTE1212,Nov_2024,84,76,8,83
DTE1212,Dec_2024,83,76,10,76
DTE1212,Jan_2025,82,75,9,78
DTE1213,Aug_2024,64,61,4,NA
DTE1213,Sep_2024,61,59,6,NA
DTE1213,Oct_2024,45,56,2,NA
DTE1213,Nov_2024,46,41,5,NA
DTE1213,Dec_2024,34,53,4,NA
DTE1213,Jan_2025,38,40,3,NA
DTE1214,Aug_2024,85,85,7,84
DTE1214,Sep_2024,85,86,10,81
DTE1214,Oct_2024,79,89,8,75
DTE1214,Nov_2024,79,85,7,76
DTE1214,Dec_2024,79,85,8,71
DTE1214,Jan_2025,83,85,10,73
DTE1215,Aug_2024,92,89,7,87
DTE1215,Sep_2024,84,87,7,76
DTE1215,Oct_2024,89,85,7,79
DTE1215,Nov_2024,84,85,8,75
DTE1215,Dec_2024,90,90,8,80
DTE1215,Jan_2025,87,86,10,85
DTE1216,Aug_2024,94,70,8,87
DTE1216,Sep_2024,91,65,8,81
DTE1216,Oct_2024,88,68,8,88
DTE1216,Nov_2024,93,64,10,85
DTE1216,Dec_2024,90,69,8,90
DTE1216,Jan_2025,93,69,9,84
DTE1217,Aug_2024,93,79,8,NA
DTE1217,Sep_2024,92,77,8,NA
DTE1217,Oct_2024,91,80,8,NA
DTE1217,Nov_2024,91,79,10,NA
DTE1217,Dec_2024,94,80,10,NA
DTE1217,Jan_2025,92,78,10,NA
DTE1218,Aug_2024,92,74,8,NA
DTE1218,Sep_2024,89,80,9,NA
DTE1218,Oct_2024,94,77,9,NA
DTE1218,Nov_2024,91,79,10,NA
DTE1218,Dec_2024,89,75,10,NA
DTE1218,Jan_2025,93,79,7,NA
DTE1219,Aug_2024,82,75,10,80
DTE1219,Sep_2024,84,76,10,75
DTE1219,Oct_2024,83,75,8,83
DTE1219,Nov_2024,81,72,8,75
DTE1219,Dec_2024,77,74,9,73
DTE1219,Jan_2025,82,73,10,75
DTE1220,Aug_2024,87,71,9,87
DTE1220,Sep_2024,85,71,8,80
DTE1220,Oct_2024,81,70,10,75
DTE1220,Nov_2024,84,72,8,76
DTE1220,Dec_2024,84,74,7,75
DTE1220,Jan_2025,86,69,7,86
DTE1221,Aug_2024,37,38,4,32
DTE1221,Sep_2024,29,32,2,21
DTE1221,Oct_2024,38,27,3,30
DTE1221,Nov_2024,25,32,3,20
DTE1221,Dec_2024,23,25,3,23
DTE1221,Jan_2025,34,27,6,28
DTE1222,Aug_2024,83,68,8,NA
DTE1222,Sep_2024,80,70,7,NA
DTE1222,Oct_2024,79,73,8,NA
DTE1222,Nov_2024,76,70,7,NA
DTE1222,Dec_2024,82,73,10,NA
DTE1222,Jan_2025,78,74,9,NA
DTE1223,Aug_2024,82,67,7,74
DTE1223,Sep_2024,87,67,7,79
DTE1223,Oct_2024,83,67,10,80
DTE1223,Nov_2024,85,73,9,79
DTE1223,Dec_2024,89,72,7,85
DTE1223,Jan_2025,85,70,8,84
DTE1224,Aug_2024,86,91,10,80
DTE1224,Sep_2024,86,89,7,83
DTE1224,Oct_2024,88,90,9,81
DTE1224,Nov_2024,86,91,8,80
DTE1224,Dec_2024,82,89,10,77
DTE1224,Jan_2025,90,91,7,83
DTE1225,Aug_2024,86,75,7,NA
DTE1225,Sep_2024,89,77,8,NA
DTE1225,Oct_2024,90,73,10,NA
DTE1225,Nov_2024,84,76,9,NA
DTE1225,Dec_2024,88,72,7,NA
DTE1225,Jan_2025,84,75,8,NA
DTE1226,Aug_2024,87,72,10,NA
DTE1226,Sep_2024,87,66,8,NA
DTE1226,Oct_2024,90,70,10,NA
DTE1226,Nov_2024,92,71,8,NA
DTE1226,Dec_2024,84,72,10,NA
DTE1226,Jan_2025,88,69,9,NA
DTE1227,Aug_2024,87,74,8,NA
DTE1227,Sep_2024,82,70,10,NA
DTE1227,Oct_2024,82,70,8,NA
DTE1227,Nov_2024,90,74,10,NA
DTE1227,Dec_2024,90,71,9,NA
DTE1227,Jan_2025,85,70,10,NA
DTE1228,Aug_2024,84,68,7,83
DTE1228,Sep_2024,83,69,7,77
DTE1228,Oct_2024,79,70,7,77
DTE1228,Nov_2024,85,69,7,83
DTE1228,Dec_2024,80,67,7,80
DTE1228,Jan_2025,83,67,8,73
DTE1229,Aug_2024,91,66,8,83
DTE1229,Sep_2024,89,66,7,85
DTE1229,Oct_2024,84,66,9,74
DTE1229,Nov_2024,87,67,9,78
DTE1229,Dec_2024,88,67,8,86
DTE1229,Jan_2025,87,67,8,78
DTE1230,Aug_2024,89,82,9,82
DTE1230,Sep_2024,91,79,9,89
DTE1230,Oct_2024,86,82,10,86
DTE1230,Nov_2024,89,81,8,87
DTE1230,Dec_2024,91,78,7,87
DTE1230,Jan_2025,87,79,7,79
DTE1231,Aug_2024,87,72,7,NA
DTE1231,Sep_2024,80,74,10,NA
DTE1231,Oct_2024,82,70,9,NA
DTE1231,Nov_2024,88,71,9,NA
DTE1231,Dec_2024,80,71,9,NA
DTE1231,Jan_2025,84,76,10,NA
DTE1232,Aug_2024,70,53,5,66
DTE1232,Sep_2024,69,49,3,68
DTE1232,Oct_2024,54,50,3,50
DTE1232,Nov_2024,65,40,3,57
DTE1232,Dec_2024,46,37,6,37
DTE1232,Jan_2025,55,27,3,53
DTE1233,Aug_2024,43,37,6,NA
DTE1233,Sep_2024,39,38,2,NA
DTE1233,Oct_2024,32,36,6,NA
DTE1233,Nov_2024,22,30,5,NA
DTE1233,Dec_2024,32,31,2,NA
DTE1233,Jan_2025,31,25,5,NA
DTE1234,Aug_2024,42,46,6,37
DTE1234,Sep_2024,40,49,3,38
DTE1234,Oct_2024,25,44,5,17
DTE1234,Nov_2024,26,37,2,18
DTE1234,Dec_2024,20,32,4,13
DTE1234,Jan_2025,20,30,6,12
DTE1235,Aug_2024,93,84,9,NA
DTE1235,Sep_2024,92,86,7,NA
DTE1235,Oct_2024,93,84,9,NA
DTE1235,Nov_2024,98,82,7,NA
DTE1235,Dec_2024,94,83,7,NA
DTE1235,Jan_2025,95,83,7,NA
DTE1236,Aug_2024,77,68,9,67
DTE1236,Sep_2024,80,71,7,76
DTE1236,Oct_2024,77,73,7,68
DTE1236,Nov_2024,73,74,10,64
DTE1236,Dec_2024,80,71,8,73
DTE1236,Jan_2025,81,74,7,81
DTE1237,Aug_2024,54,62,3,52
DTE1237,Sep_2024,38,58,2,38
DTE1237,Oct_2024,40,55,6,36
DTE1237,Nov_2024,31,55,2,26
DTE1237,Dec_2024,20,49,4,12
DTE1237,Jan_2025,41,43,2,40
DTE1238,Aug_2024,94,89,8,90
DTE1238,Sep_2024,92,84,10,92
DTE1238,Oct_2024,95,87,8,87
DTE1238,Nov_2024,97,84,7,93
DTE1238,Dec_2024,95,87,9,94
DTE1238,Jan_2025,96,86,7,87
DTE1239,Aug_2024,97,63,7,96
DTE1239,Sep_2024,92,68,7,90
DTE1239,Oct_2024,95,67,7,93
DTE1239,Nov_2024,90,64,9,83
DTE1239,Dec_2024,91,68,8,87
DTE1239,Jan_2025,93,68,8,89
DTE1240,Aug_2024,50,48,4,48
DTE1240,Sep_2024,46,45,3,42
DTE1240,Oct_2024,44,45,5,40
DTE1240,Nov_2024,45,39,4,40
DTE1240,Dec_2024,21,33,3,21
DTE1240,Jan_2025,20,25,6,11
DTE1241,Aug_2024,93,92,10,NA
DTE1241,Sep_2024,95,92,9,NA
DTE1241,Oct_2024,93,89,9,NA
DTE1241,Nov_2024,91,91,8,NA
DTE1241,Dec_2024,94,88,10,NA
DTE1241,Jan_2025,94,87,7,NA
DTE1242,Aug_2024,98,93,8,91
DTE1242,Sep_2024,93,91,9,88
DTE1242,Oct_2024,97,93,7,92
DTE1242,Nov_2024,92,93,9,92
DTE1242,Dec_2024,93,91,10,88
DTE1242,Jan_2025,96,93,7,94
DTE1243,Aug_2024,96,77,8,89
DTE1243,Sep_2024,98,76,7,91
DTE1243,Oct_2024,98,79,10,92
DTE1243,Nov_2024,98,81,8,94
DTE1243,Dec_2024,96,79,9,89
DTE1243,Jan_2025,97,77,7,94
DTE1244,Aug_2024,98,85,10,NA
DTE1244,Sep_2024,98,91,9,NA
DTE1244,Oct_2024,98,89,7,NA
DTE1244,Nov_2024,94,89,8,NA
DTE1244,Dec_2024,96,89,8,NA
DTE1244,Jan_2025,94,86,9,NA
DTE1245,Aug_2024,92,78,9,NA
DTE1245,Sep_2024,94,84,9,NA
DTE1245,Oct_2024,98,81,8,NA
DTE1245,Nov_2024,98,78,8,NA
DTE1245,Dec_2024,95,79,9,NA
DTE1245,Jan_2025,96,78,8,NA
DTE1246,Aug_2024,95,94,8,89
DTE1246,Sep_2024,93,93,8,91
DTE1246,Oct_2024,98,94,9,98
DTE1246,Nov_2024,98,89,9,97
DTE1246,Dec_2024,98,92,10,95
DTE1246,Jan_2025,98,93,10,91
DTE1247,Aug_2024,92,93,7,NA
DTE1247,Sep_2024,95,88,9,NA
DTE1247,Oct_2024,91,90,9,NA
DTE1247,Nov_2024,93,93,10,NA
DTE1247,Dec_2024,95,91,7,NA
DTE1247,Jan_2025,94,90,7,NA
DTE1248,Aug_2024,93,76,8,90
DTE1248,Sep_2024,95,74,9,87
DTE1248,Oct_2024,90,76,10,89
DTE1248,Nov_2024,93,73,10,90
DTE1248,Dec_2024,90,73,9,84
DTE1248,Jan_2025,91,74,10,81
DTE1249,Aug_2024,78,72,8,74
DTE1249,Sep_2024,80,72,10,80
DTE1249,Oct_2024,80,72,8,78
DTE1249,Nov_2024,82,74,7,75
DTE1249,Dec_2024,77,71,7,67
DTE1249,Jan_2025,82,75,7,80
DTE1250,Aug_2024,85,70,10,NA
DTE1250,Sep_2024,87,69,10,NA
DTE1250,Oct_2024,86,72,7,NA
DTE1250,Nov_2024,84,72,9,NA
DTE1250,Dec_2024,81,73,10,NA
DTE1250,Jan_2025,88,71,10,NA
DTE1251,Aug_2024,89,69,9,88
DTE1251,Sep_2024,86,66,10,76
DTE1251,Oct_2024,85,64,7,80
DTE1251,Nov_2024,88,64,10,82
DTE1251,Dec_2024,84,66,9,84
DTE1251,Jan_2025,85,69,10,78
DTE1252,Aug_2024,86,67,9,82
DTE1252,Sep_2024,87,69,9,87
DTE1252,Oct_2024,89,69,8,85
DTE1252,Nov_2024,86,70,7,79
DTE1252,Dec_2024,86,69,7,77
DTE1252,Jan_2025,82,69,7,74
DTE1253,Aug_2024,88,79,8,87
DTE1253,Sep_2024,90,78,8,88
DTE1253,Oct_2024,89,81,9,84
DTE1253,Nov_2024,89,83,8,81
DTE1253,Dec_2024,89,78,7,84
DTE1253,Jan_2025,87,78,8,78
DTE1254,Aug_2024,93,91,7,88
DTE1254,Sep_2024,96,91,10,96
DTE1254,Oct_2024,94,93,9,84
DTE1254,Nov_2024,93,94,10,92
DTE1254,Dec_2024,95,92,9,91
DTE1254,Jan_2025,98,92,8,98
DTE1255,Aug_2024,89,70,10,NA
DTE1255,Sep_2024,87,72,10,NA
DTE1255,Oct_2024,88,71,8,NA
DTE1255,Nov_2024,88,70,7,NA
DTE1255,Dec_2024,90,67,9,NA
DTE1255,Jan_2025,88,66,10,NA
DTE1256,Aug_2024,88,66,10,NA
DTE1256,Sep_2024,87,68,9,NA
DTE1256,Oct_2024,92,70,9,NA
DTE1256,Nov_2024,86,67,8,NA
DTE1256,Dec_2024,85,71,9,NA
DTE1256,Jan_2025,88,66,9,NA
DTE1257,Aug_2024,88,72,10,78
DTE1257,Sep_2024,86,72,10,79
DTE1257,Oct_2024,89,68,9,84
DTE1257,Nov_2024,86,70,10,84
DTE1257,Dec_2024,88,74,10,85
DTE1257,Jan_2025,89,73,8,79
DTE1258,Aug_2024,94,67,10,NA
DTE1258,Sep_2024,88,70,7,NA
DTE1258,Oct_2024,95,69,9,NA
DTE1258,Nov_2024,89,66,9,NA
DTE1258,Dec_2024,92,67,9,NA
DTE1258,Jan_2025,95,70,10,NA
DTE1259,Aug_2024,83,89,8,NA
DTE1259,Sep_2024,88,92,10,NA
DTE1259,Oct_2024,89,94,7,NA
DTE1259,Nov_2024,87,92,10,NA
DTE1259,Dec_2024,86,91,8,NA
DTE1259,Jan_2025,89,92,7,NA
DTE1260,Aug_2024,87,85,8,84
DTE1260,Sep_2024,87,86,9,85
DTE1260,Oct_2024,88,88,10,80
DTE1260,Nov_2024,92,84,8,86
DTE1260,Dec_2024,90,84,9,80
DTE1260,Jan_2025,87,87,9,79
DTE1261,Aug_2024,44,37,5,NA
DTE1261,Sep_2024,37,38,5,NA
DTE1261,Oct_2024,38,34,2,NA
DTE1261,Nov_2024,27,32,3,NA
DTE1261,Dec_2024,20,36,5,NA
DTE1261,Jan_2025,20,25,2,NA
DTE1262,Aug_2024,79,79,7,NA
DTE1262,Sep_2024,82,78,9,NA
DTE1262,Oct_2024,79,79,10,NA
DTE1262,Nov_2024,77,80,7,NA
DTE1262,Dec_2024,82,82,8,NA
DTE1262,Jan_2025,78,81,9,NA
DTE1263,Aug_2024,67,56,3,NA
DTE1263,Sep_2024,65,51,2,NA
DTE1263,Oct_2024,66,46,3,NA
DTE1263,Nov_2024,51,39,3,NA
DTE1263,Dec_2024,55,33,6,NA
DTE1263,Jan_2025,27,39,5,NA
DTE1264,Aug_2024,92,64,7,82
DTE1264,Sep_2024,97,70,10,91
DTE1264,Oct_2024,92,70,10,88
DTE1264,Nov_2024,98,64,7,91
DTE1264,Dec_2024,98,70,7,94
DTE1264,Jan_2025,97,70,7,92
DTE1265,Aug_2024,47,51,5,41
DTE1265,Sep_2024,30,46,4,21
DTE1265,Oct_2024,23,46,5,13
DTE1265,Nov_2024,28,46,5,25
DTE1265,Dec_2024,26,47,2,19
DTE1265,Jan_2025,20,32,4,15
DTE1266,Aug_2024,93,68,10,NA
DTE1266,Sep_2024,94,69,10,NA
DTE1266,Oct_2024,93,67,9,NA
DTE1266,Nov_2024,89,69,8,NA
DTE1266,Dec_2024,91,67,9,NA
DTE1266,Jan_2025,89,64,9,NA
DTE1267,Aug_2024,91,78,9,NA
DTE1267,Sep_2024,90,78,8,NA
DTE1267,Oct_2024,90,76,10,NA
DTE1267,Nov_2024,90,74,8,NA
DTE1267,Dec_2024,88,77,9,NA
DTE1267,Jan_2025,92,75,8,NA
DTE1268,Aug_2024,89,85,8,80
DTE1268,Sep_2024,93,80,7,89
DTE1268,Oct_2024,94,84,10,87
DTE1268,Nov_2024,91,81,8,82
DTE1268,Dec_2024,97,81,9,91
DTE1268,Jan_2025,96,84,8,88
DTE1269,Aug_2024,91,70,10,85
DTE1269,Sep_2024,84,74,7,79
DTE1269,Oct_2024,87,71,8,84
DTE1269,Nov_2024,86,71,7,76
DTE1269,Dec_2024,87,71,10,80
DTE1269,Jan_2025,84,75,8,81
DTE1270,Aug_2024,93,72,7,NA
DTE1270,Sep_2024,94,72,7,NA
DTE1270,Oct_2024,93,71,7,NA
DTE1270,Nov_2024,92,71,7,NA
DTE1270,Dec_2024,88,70,8,NA
DTE1270,Jan_2025,91,69,8,NA
DTE1271,Aug_2024,80,87,10,NA
DTE1271,Sep_2024,79,86,9,NA
DTE1271,Oct_2024,85,88,7,NA
DTE1271,Nov_2024,80,91,7,NA
DTE1271,Dec_2024,79,90,9,NA
DTE1271,Jan_2025,77,87,8,NA
DTE1272,Aug_2024,79,71,10,72
DTE1272,Sep_2024,77,71,7,72
DTE1272,Oct_2024,77,68,10,76
DTE1272,Nov_2024,83,67,10,80
DTE1272,Dec_2024,77,71,8,68
DTE1272,Jan_2025,83,69,7,74
DTE1273,Aug_2024,82,91,7,NA
DTE1273,Sep_2024,83,91,8,NA
DTE1273,Oct_2024,83,85,9,NA
DTE1273,Nov_2024,82,89,9,NA
DTE1273,Dec_2024,83,90,8,NA
DTE1273,Jan_2025,81,89,10,NA
DTE1274,Aug_2024,89,78,9,NA
DTE1274,Sep_2024,85,82,8,NA
DTE1274,Oct_2024,86,78,9,NA
DTE1274,Nov_2024,88,76,8,NA
DTE1274,Dec_2024,88,76,9,NA
DTE1274,Jan_2025,89,79,10,NA
DTE1275,Aug_2024,58,63,5,48
DTE1275,Sep_2024,60,58,6,58
DTE1275,Oct_2024,54,56,4,46
DTE1275,Nov_2024,53,51,2,43
DTE1275,Dec_2024,44,41,3,39
DTE1275,Jan_2025,48,53,3,46
DTE1276,Aug_2024,69,48,5,59
DTE1276,Sep_2024,62,41,4,55
DTE1276,Oct_2024,53,39,4,48
DTE1276,Nov_2024,48,38,4,42
DTE1276,Dec_2024,46,28,5,46
DTE1276,Jan_2025,49,35,3,42
DTE1277,Aug_2024,41,62,3,NA
DTE1277,Sep_2024,42,59,4,NA
DTE1277,Oct_2024,43,56,5,NA
DTE1277,Nov_2024,37,46,3,NA
DTE1277,Dec_2024,20,52,5,NA
DTE1277,Jan_2025,20,41,3,NA
DTE1278,Aug_2024,82,69,10,73
DTE1278,Sep_2024,87,67,10,80
DTE1278,Oct_2024,83,69,10,83
DTE1278,Nov_2024,81,67,9,77
DTE1278,Dec_2024,88,69,10,84
DTE1278,Jan_2025,81,70,8,80
DTE1279,Aug_2024,62,60,3,53
DTE1279,Sep_2024,59,53,2,52
DTE1279,Oct_2024,63,52,4,55
DTE1279,Nov_2024,42,46,2,37
DTE1279,Dec_2024,35,47,3,33
DTE1279,Jan_2025,43,37,4,38
DTE1280,Aug_2024,85,79,9,81
DTE1280,Sep_2024,82,75,7,72
DTE1280,Oct_2024,88,77,10,81
DTE1280,Nov_2024,82,80,7,74
DTE1280,Dec_2024,87,74,10,87
DTE1280,Jan_2025,90,80,9,82
DTE1281,Aug_2024,56,59,2,NA
DTE1281,Sep_2024,49,56,6,NA
DTE1281,Oct_2024,39,56,6,NA
DTE1281,Nov_2024,32,57,6,NA
DTE1281,Dec_2024,20,55,5,NA
DTE1281,Jan_2025,20,45,3,NA
DTE1282,Aug_2024,38,36,6,33
DTE1282,Sep_2024,38,30,5,29
DTE1282,Oct_2024,38,39,5,38
DTE1282,Nov_2024,36,32,3,32
DTE1282,Dec_2024,20,32,4,12
DTE1282,Jan_2025,21,27,6,19
DTE1283,Aug_2024,95,71,8,NA
DTE1283,Sep_2024,95,67,8,NA
DTE1283,Oct_2024,93,65,7,NA
DTE1283,Nov_2024,94,69,9,NA
DTE1283,Dec_2024,93,67,9,NA
DTE1283,Jan_2025,95,70,8,NA
DTE1284,Aug_2024,57,47,4,54
DTE1284,Sep_2024,52,42,5,51
DTE1284,Oct_2024,39,39,3,33
DTE1284,Nov_2024,56,35,3,53
DTE1284,Dec_2024,32,34,2,31
DTE1284,Jan_2025,49,25,6,48
DTE1285,Aug_2024,77,78,8,NA
DTE1285,Sep_2024,76,75,9,NA
DTE1285,Oct_2024,80,75,8,NA
DTE1285,Nov_2024,78,72,9,NA
DTE1285,Dec_2024,82,74,7,NA
DTE1285,Jan_2025,82,72,7,NA
DTE1286,Aug_2024,95,78,10,NA
DTE1286,Sep_2024,95,78,7,NA
DTE1286,Oct_2024,94,74,9,NA
DTE1286,Nov_2024,90,75,9,NA
DTE1286,Dec_2024,92,77,7,NA
DTE1286,Jan_2025,95,75,7,NA
DTE1287,Aug_2024,93,85,9,NA
DTE1287,Sep_2024,89,81,8,NA
DTE1287,Oct_2024,91,84,7,NA
DTE1287,Nov_2024,91,84,8,NA
DTE1287,Dec_2024,91,85,10,NA
DTE1287,Jan_2025,89,80,8,NA
DTE1288,Aug_2024,82,68,10,80
DTE1288,Sep_2024,84,67,8,76
DTE1288,Oct_2024,80,71,8,75
DTE1288,Nov_2024,79,72,8,79
DTE1288,Dec_2024,85,67,9,79
DTE1288,Jan_2025,83,72,9,74
DTE1289,Aug_2024,81,84,7,NA
DTE1289,Sep_2024,81,84,10,NA
DTE1289,Oct_2024,76,89,8,NA
DTE1289,Nov_2024,82,84,10,NA
DTE1289,Dec_2024,84,85,8,NA
DTE1289,Jan_2025,77,84,9,NA
DTE1290,Aug_2024,79,81,10,NA
DTE1290,Sep_2024,77,81,10,NA
DTE1290,Oct_2024,83,84,10,NA
DTE1290,Nov_2024,78,87,7,NA
DTE1290,Dec_2024,80,84,10,NA
DTE1290,Jan_2025,80,82,9,NA
DTE1291,Aug_2024,95,79,7,88
DTE1291,Sep_2024,94,82,8,92
DTE1291,Oct_2024,90,81,8,88
DTE1291,Nov_2024,90,82,7,89
DTE1291,Dec_2024,93,79,7,90
DTE1291,Jan_2025,90,79,8,80
DTE1292,Aug_2024,70,37,6,NA
DTE1292,Sep_2024,66,29,3,NA
DTE1292,Oct_2024,60,29,3,NA
DTE1292,Nov_2024,51,34,2,NA
DTE1292,Dec_2024,33,25,3,NA
DTE1292,Jan_2025,31,28,5,NA
DTE1293,Aug_2024,88,75,10,81
DTE1293,Sep_2024,88,76,10,81
DTE1293,Oct_2024,86,78,9,78
DTE1293,Nov_2024,90,75,9,80
DTE1293,Dec_2024,91,77,9,89
DTE1293,Jan_2025,87,77,10,79
DTE1294,Aug_2024,95,72,7,85
DTE1294,Sep_2024,93,73,9,92
DTE1294,Oct_2024,93,70,7,85
DTE1294,Nov_2024,90,67,8,83
DTE1294,Dec_2024,89,67,9,87
DTE1294,Jan_2025,93,69,10,87
DTE1295,Aug_2024,88,74,8,82
DTE1295,Sep_2024,88,75,8,78
DTE1295,Oct_2024,83,80,7,80
DTE1295,Nov_2024,85,78,8,76
DTE1295,Dec_2024,88,78,7,80
DTE1295,Jan_2025,85,78,8,77
DTE1296,Aug_2024,94,73,8,NA
DTE1296,Sep_2024,93,76,8,NA
DTE1296,Oct_2024,95,77,8,NA
DTE1296,Nov_2024,98,75,10,NA
DTE1296,Dec_2024,95,73,7,NA
DTE1296,Jan_2025,98,73,10,NA
DTE1297,Aug_2024,92,77,10,NA
DTE1297,Sep_2024,91,76,8,NA
DTE1297,Oct_2024,88,74,7,NA
DTE1297,Nov_2024,88,79,9,NA
DTE1297,Dec_2024,87,79,7,NA
DTE1297,Jan_2025,84,80,10,NA
DTE1298,Aug_2024,79,69,10,77
DTE1298,Sep_2024,80,71,8,70
DTE1298,Oct_2024,83,71,8,80
DTE1298,Nov_2024,82,68,8,78
DTE1298,Dec_2024,79,71,7,70
DTE1298,Jan_2025,79,69,10,77
DTE1299,Aug_2024,76,76,9,76
DTE1299,Sep_2024,73,74,9,65
DTE1299,Oct_2024,73,76,10,70
DTE1299,Nov_2024,79,72,7,71
DTE1299,Dec_2024,79,71,7,74
DTE1299,Jan_2025,76,70,10,72
DTE1300,Aug_2024,93,68,10,NA
DTE1300,Sep_2024,98,67,8,NA
DTE1300,Oct_2024,98,69,9,NA
DTE1300,Nov_2024,95,67,7,NA
DTE1300,Dec_2024,93,68,9,NA
DTE1300,Jan_2025,95,69,10,NA
DTE1301,Aug_2024,96,90,7,86
DTE1301,Sep_2024,91,93,9,87
DTE1301,Oct_2024,94,92,9,88
DTE1301,Nov_2024,94,89,7,94
DTE1301,Dec_2024,91,92,10,88
DTE1301,Jan_2025,97,88,10,87
DTE1302,Aug_2024,82,79,10,NA
DTE1302,Sep_2024,86,83,10,NA
DTE1302,Oct_2024,86,85,10,NA
DTE1302,Nov_2024,78,83,7,NA
DTE1302,Dec_2024,79,83,7,NA
DTE1302,Jan_2025,79,85,8,NA
DTE1303,Aug_2024,81,86,10,NA
DTE1303,Sep_2024,82,87,7,NA
DTE1303,Oct_2024,81,87,10,NA
DTE1303,Nov_2024,83,86,7,NA
DTE1303,Dec_2024,82,88,10,NA
DTE1303,Jan_2025,76,83,8,NA
DTE1304,Aug_2024,90,93,9,NA
DTE1304,Sep_2024,91,90,10,NA
DTE1304,Oct_2024,90,93,10,NA
DTE1304,Nov_2024,94,90,9,NA
DTE1304,Dec_2024,95,89,9,NA
DTE1304,Jan_2025,97,94,7,NA
DTE1305,Aug_2024,63,50,3,60
DTE1305,Sep_2024,57,45,5,52
DTE1305,Oct_2024,44,50,2,39
DTE1305,Nov_2024,49,38,3,44
DTE1305,Dec_2024,22,41,2,12
DTE1305,Jan_2025,37,36,3,31
DTE1306,Aug_2024,94,73,10,NA
DTE1306,Sep_2024,96,73,10,NA
DTE1306,Oct_2024,96,77,8,NA
DTE1306,Nov_2024,93,73,7,NA
DTE1306,Dec_2024,92,72,9,NA
DTE1306,Jan_2025,98,76,9,NA
DTE1307,Aug_2024,70,54,5,61
DTE1307,Sep_2024,58,52,2,49
DTE1307,Oct_2024,52,46,4,44
DTE1307,Nov_2024,52,44,2,48
DTE1307,Dec_2024,39,35,3,32
DTE1307,Jan_2025,25,52,3,15
DTE1308,Aug_2024,91,82,10,88
DTE1308,Sep_2024,90,83,8,83
DTE1308,Oct_2024,90,83,7,86
DTE1308,Nov_2024,90,82,10,83
DTE1308,Dec_2024,93,86,8,87
DTE1308,Jan_2025,89,88,10,79
DTE1309,Aug_2024,92,68,9,87
DTE1309,Sep_2024,90,66,9,85
DTE1309,Oct_2024,89,65,9,88
DTE1309,Nov_2024,88,65,8,80
DTE1309,Dec_2024,88,63,10,80
DTE1309,Jan_2025,91,63,8,86
DTE1310,Aug_2024,85,71,8,NA
DTE1310,Sep_2024,84,67,7,NA
DTE1310,Oct_2024,84,69,10,NA
DTE1310,Nov_2024,84,69,10,NA
DTE1310,Dec_2024,78,66,7,NA
DTE1310,Jan_2025,85,68,7,NA
DTE1311,Aug_2024,95,77,8,94
DTE1311,Sep_2024,95,74,9,86
DTE1311,Oct_2024,94,79,7,85
DTE1311,Nov_2024,97,77,8,91
DTE1311,Dec_2024,93,79,10,89
DTE1311,Jan_2025,98,79,9,93
DTE1312,Aug_2024,91,76,10,89
DTE1312,Sep_2024,96,77,9,96
DTE1312,Oct_2024,88,77,9,79
DTE1312,Nov_2024,89,78,7,80
DTE1312,Dec_2024,89,76,10,87
DTE1312,Jan_2025,91,73,8,89
DTE1313,Aug_2024,90,68,10,89
DTE1313,Sep_2024,95,63,7,89
DTE1313,Oct_2024,96,69,10,90
DTE1313,Nov_2024,97,64,9,95
DTE1313,Dec_2024,91,65,9,89
DTE1313,Jan_2025,96,65,10,95
DTE1314,Aug_2024,81,74,10,78
DTE1314,Sep_2024,82,74,7,77
DTE1314,Oct_2024,86,78,7,78
DTE1314,Nov_2024,83,72,7,75
DTE1314,Dec_2024,79,77,9,78
DTE1314,Jan_2025,81,72,7,81
DTE1315,Aug_2024,84,89,9,84
DTE1315,Sep_2024,84,92,7,82
DTE1315,Oct_2024,82,91,10,80
DTE1315,Nov_2024,87,87,9,86
DTE1315,Dec_2024,81,90,9,72
DTE1315,Jan_2025,81,89,8,73
DTE1316,Aug_2024,91,70,10,NA
DTE1316,Sep_2024,89,68,7,NA
DTE1316,Oct_2024,97,70,7,NA
DTE1316,Nov_2024,93,66,7,NA
DTE1316,Dec_2024,94,69,8,NA
DTE1316,Jan_2025,97,65,7,NA
DTE1317,Aug_2024,97,68,8,88
DTE1317,Sep_2024,95,70,10,88
DTE1317,Oct_2024,91,72,7,86
DTE1317,Nov_2024,93,69,8,90
DTE1317,Dec_2024,97,68,10,97
DTE1317,Jan_2025,95,67,10,85
DTE1318,Aug_2024,73,90,7,63
DTE1318,Sep_2024,77,88,10,69
DTE1318,Oct_2024,75,86,9,73
DTE1318,Nov_2024,79,90,8,75
DTE1318,Dec_2024,78,87,10,72
DTE1318,Jan_2025,73,87,7,66
DTE1319,Aug_2024,54,47,6,48
DTE1319,Sep_2024,46,46,2,38
DTE1319,Oct_2024,33,42,4,24
DTE1319,Nov_2024,33,30,4,33
DTE1319,Dec_2024,22,42,5,19
DTE1319,Jan_2025,26,25,5,18
DTE1320,Aug_2024,95,94,8,87
DTE1320,Sep_2024,92,93,7,89
DTE1320,Oct_2024,88,91,8,85
DTE1320,Nov_2024,92,88,8,85
DTE1320,Dec_2024,90,92,7,90
DTE1320,Jan_2025,93,89,7,89
DTE1321,Aug_2024,80,79,9,NA
DTE1321,Sep_2024,82,81,8,NA
DTE1321,Oct_2024,85,84,10,NA
DTE1321,Nov_2024,80,79,8,NA
DTE1321,Dec_2024,83,82,9,NA
DTE1321,Jan_2025,86,83,9,NA
DTE1322,Aug_2024,94,74,9,NA
DTE1322,Sep_2024,97,74,7,NA
DTE1322,Oct_2024,97,75,10,NA
DTE1322,Nov_2024,97,71,8,NA
DTE1322,Dec_2024,98,71,7,NA
DTE1322,Jan_2025,97,69,10,NA
DTE1323,Aug_2024,93,77,8,92
DTE1323,Sep_2024,92,72,8,85
DTE1323,Oct_2024,92,73,9,90
DTE1323,Nov_2024,95,77,10,91
DTE1323,Dec_2024,98,74,9,89
DTE1323,Jan_2025,95,72,7,89
DTE1324,Aug_2024,95,72,10,NA
DTE1324,Sep_2024,95,73,7,NA
DTE1324,Oct_2024,98,75,7,NA
DTE1324,Nov_2024,93,73,7,NA
DTE1324,Dec_2024,98,73,7,NA
DTE1324,Jan_2025,93,73,10,NA
DTE1325,Aug_2024,84,87,8,77
DTE1325,Sep_2024,79,89,8,76
DTE1325,Oct_2024,84,84,7,82
DTE1325,Nov_2024,84,90,9,82
DTE1325,Dec_2024,84,87,8,74
DTE1325,Jan_2025,79,87,10,77
DTE1326,Aug_2024,40,35,3,NA
DTE1326,Sep_2024,37,37,5,NA
DTE1326,Oct_2024,36,32,3,NA
DTE1326,Nov_2024,25,25,3,NA
DTE1326,Dec_2024,32,25,2,NA
DTE1326,Jan_2025,20,33,6,NA
DTE1327,Aug_2024,83,77,8,NA
DTE1327,Sep_2024,88,75,7,NA
DTE1327,Oct_2024,85,73,8,NA
DTE1327,Nov_2024,83,76,7,NA
DTE1327,Dec_2024,83,79,10,NA
DTE1327,Jan_2025,84,79,8,NA
DTE1328,Aug_2024,60,56,2,NA
DTE1328,Sep_2024,58,53,5,NA
DTE1328,Oct_2024,49,45,3,NA
DTE1328,Nov_2024,39,42,4,NA
DTE1328,Dec_2024,30,37,5,NA
DTE1328,Jan_2025,24,38,4,NA
DTE1329,Aug_2024,90,90,9,NA
DTE1329,Sep_2024,90,89,7,NA
DTE1329,Oct_2024,94,93,9,NA
DTE1329,Nov_2024,90,87,10,NA
DTE1329,Dec_2024,94,92,8,NA
DTE1329,Jan_2025,94,88,9,NA
DTE1330,Aug_2024,75,83,10,69
DTE1330,Sep_2024,79,85,10,72
DTE1330,Oct_2024,78,83,9,73
DTE1330,Nov_2024,77,85,10,75
DTE1330,Dec_2024,80,81,8,77
DTE1330,Jan_2025,75,84,8,65
DTE1331,Aug_2024,65,57,6,NA
DTE1331,Sep_2024,57,55,4,NA
DTE1331,Oct_2024,56,49,2,NA
DTE1331,Nov_2024,46,48,6,NA
DTE1331,Dec_2024,43,51,4,NA
DTE1331,Jan_2025,40,47,6,NA
DTE1332,Aug_2024,86,86,10,NA
DTE1332,Sep_2024,80,90,8,NA
DTE1332,Oct_2024,86,89,8,NA
DTE1332,Nov_2024,84,90,8,NA
DTE1332,Dec_2024,86,89,8,NA
DTE1332,Jan_2025,82,88,9,NA
DTE1333,Aug_2024,37,53,5,32
DTE1333,Sep_2024,37,47,2,27
DTE1333,Oct_2024,32,45,2,32
DTE1333,Nov_2024,28,46,3,26
DTE1333,Dec_2024,24,37,6,19
DTE1333,Jan_2025,20,29,3,16
DTE1334,Aug_2024,91,68,8,89
DTE1334,Sep_2024,89,71,7,81
DTE1334,Oct_2024,93,69,10,89
DTE1334,Nov_2024,90,68,8,83
DTE1334,Dec_2024,88,74,7,86
DTE1334,Jan_2025,93,71,10,86
DTE1335,Aug_2024,89,81,7,NA
DTE1335,Sep_2024,92,78,8,NA
DTE1335,Oct_2024,94,75,10,NA
DTE1335,Nov_2024,92,77,7,NA
DTE1335,Dec_2024,92,75,8,NA
DTE1335,Jan_2025,89,79,9,NA
DTE1336,Aug_2024,79,85,7,69
DTE1336,Sep_2024,76,89,9,72
DTE1336,Oct_2024,74,86,10,74
DTE1336,Nov_2024,79,85,9,75
DTE1336,Dec_2024,76,88,9,68
DTE1336,Jan_2025,73,87,9,71
DTE1337,Aug_2024,43,45,5,NA
DTE1337,Sep_2024,34,42,5,NA
DTE1337,Oct_2024,30,45,2,NA
DTE1337,Nov_2024,30,33,6,NA
DTE1337,Dec_2024,37,32,5,NA
DTE1337,Jan_2025,20,28,4,NA
DTE1338,Aug_2024,81,69,9,73
DTE1338,Sep_2024,81,70,9,79
DTE1338,Oct_2024,80,72,9,72
DTE1338,Nov_2024,78,70,9,74
DTE1338,Dec_2024,76,70,7,66
DTE1338,Jan_2025,80,73,7,80
DTE1339,Aug_2024,88,86,7,85
DTE1339,Sep_2024,87,81,9,86
DTE1339,Oct_2024,88,84,8,87
DTE1339,Nov_2024,87,80,7,82
DTE1339,Dec_2024,87,81,10,77
DTE1339,Jan_2025,91,86,7,82
DTE1340,Aug_2024,77,77,8,74
DTE1340,Sep_2024,77,78,7,76
DTE1340,Oct_2024,76,80,8,73
DTE1340,Nov_2024,76,82,7,70
DTE1340,Dec_2024,81,82,8,74
DTE1340,Jan_2025,79,82,10,70
DTE1341,Aug_2024,84,89,9,74
DTE1341,Sep_2024,82,89,8,74
DTE1341,Oct_2024,82,86,8,79
DTE1341,Nov_2024,86,87,8,85
DTE1341,Dec_2024,83,87,8,78
DTE1341,Jan_2025,85,87,10,75
DTE1342,Aug_2024,92,88,10,84
DTE1342,Sep_2024,92,85,10,88
DTE1342,Oct_2024,93,89,8,85
DTE1342,Nov_2024,88,89,9,84
DTE1342,Dec_2024,90,84,7,89
DTE1342,Jan_2025,95,86,7,86
DTE1343,Aug_2024,85,82,10,NA
DTE1343,Sep_2024,79,87,7,NA
DTE1343,Oct_2024,84,86,9,NA
DTE1343,Nov_2024,80,86,9,NA
DTE1343,Dec_2024,84,85,9,NA
DTE1343,Jan_2025,86,84,10,NA
DTE1344,Aug_2024,95,77,10,NA
DTE1344,Sep_2024,96,75,8,NA
DTE1344,Oct_2024,94,75,8,NA
DTE1344,Nov_2024,91,76,9,NA
DTE1344,Dec_2024,97,74,10,NA
DTE1344,Jan_2025,96,77,10,NA
DTE1345,Aug_2024,95,90,10,88
DTE1345,Sep_2024,90,85,10,84
DTE1345,Oct_2024,88,90,8,83
DTE1345,Nov_2024,94,90,8,88
DTE1345,Dec_2024,93,84,10,83
DTE1345,Jan_2025,90,85,8,87
DTE1346,Aug_2024,78,80,10,71
DTE1346,Sep_2024,79,82,9,76
DTE1346,Oct_2024,77,83,10,75
DTE1346,Nov_2024,81,86,9,78
DTE1346,Dec_2024,80,83,10,74
DTE1346,Jan_2025,83,86,8,76
DTE1347,Aug_2024,82,84,7,81
DTE1347,Sep_2024,87,87,10,78
DTE1347,Oct_2024,86,83,8,78
DTE1347,Nov_2024,89,88,8,83
DTE1347,Dec_2024,89,82,9,79
DTE1347,Jan_2025,84,84,9,74
DTE1348,Aug_2024,94,71,7,NA
DTE1348,Sep_2024,90,71,9,NA
DTE1348,Oct_2024,93,72,9,NA
DTE1348,Nov_2024,90,69,10,NA
DTE1348,Dec_2024,89,67,10,NA
DTE1348,Jan_2025,93,70,8,NA
DTE1349,Aug_2024,79,73,8,74
DTE1349,Sep_2024,83,77,9,75
DTE1349,Oct_2024,81,75,9,78
DTE1349,Nov_2024,78,73,8,69
DTE1349,Dec_2024,79,77,8,72
DTE1349,Jan_2025,83,71,9,75
DTE1350,Aug_2024,63,39,4,62
DTE1350,Sep_2024,62,35,4,61
DTE1350,Oct_2024,54,33,4,52
DTE1350,Nov_2024,56,33,3,46
DTE1350,Dec_2024,58,29,6,51
DTE1350,Jan_2025,35,27,5,30
DTE1351,Aug_2024,61,58,3,52
DTE1351,Sep_2024,56,56,2,53
DTE1351,Oct_2024,50,43,5,44
DTE1351,Nov_2024,41,51,3,39
DTE1351,Dec_2024,42,53,5,41
DTE1351,Jan_2025,40,35,5,32
DTE1352,Aug_2024,86,81,10,81
DTE1352,Sep_2024,85,79,10,81
DTE1352,Oct_2024,87,82,10,83
DTE1352,Nov_2024,86,81,8,81
DTE1352,Dec_2024,84,77,7,79
DTE1352,Jan_2025,92,80,9,90
DTE1353,Aug_2024,85,71,10,77
DTE1353,Sep_2024,80,70,10,70
DTE1353,Oct_2024,85,68,8,80
DTE1353,Nov_2024,80,70,9,75
DTE1353,Dec_2024,80,69,7,78
DTE1353,Jan_2025,87,65,7,85
DTE1354,Aug_2024,82,87,8,79
DTE1354,Sep_2024,81,93,9,76
DTE1354,Oct_2024,85,87,10,80
DTE1354,Nov_2024,81,90,10,73
DTE1354,Dec_2024,80,91,10,70
DTE1354,Jan_2025,86,92,8,78
DTE1355,Aug_2024,84,88,8,77
DTE1355,Sep_2024,85,82,9,82
DTE1355,Oct_2024,86,82,7,86
DTE1355,Nov_2024,86,85,7,86
DTE1355,Dec_2024,86,88,8,84
DTE1355,Jan_2025,85,86,9,80
DTE1356,Aug_2024,42,55,4,NA
DTE1356,Sep_2024,47,55,5,NA
DTE1356,Oct_2024,30,50,6,NA
DTE1356,Nov_2024,39,49,5,NA
DTE1356,Dec_2024,35,43,4,NA
DTE1356,Jan_2025,20,42,3,NA
DTE1357,Aug_2024,96,87,9,92
DTE1357,Sep_2024,96,89,10,94
DTE1357,Oct_2024,91,93,9,86
DTE1357,Nov_2024,91,89,9,85
DTE1357,Dec_2024,89,92,9,82
DTE1357,Jan_2025,88,90,10,85
DTE1358,Aug_2024,93,71,7,87
DTE1358,Sep_2024,92,76,8,89
DTE1358,Oct_2024,95,77,8,86
DTE1358,Nov_2024,95,73,10,95
DTE1358,Dec_2024,94,75,9,91
DTE1358,Jan_2025,98,71,9,98
DTE1359,Aug_2024,91,91,8,86
DTE1359,Sep_2024,91,88,10,86
DTE1359,Oct_2024,95,88,8,88
DTE1359,Nov_2024,95,89,9,85
DTE1359,Dec_2024,91,85,7,91
DTE1359,Jan_2025,88,89,7,88
DTE1360,Aug_2024,88,86,9,81
DTE1360,Sep_2024,90,91,8,89
DTE1360,Oct_2024,84,88,8,74
DTE1360,Nov_2024,87,89,9,86
DTE1360,Dec_2024,88,89,7,84
DTE1360,Jan_2025,84,86,9,82
DTE1361,Aug_2024,93,74,8,92
DTE1361,Sep_2024,89,74,8,89
DTE1361,Oct_2024,90,71,8,83
DTE1361,Nov_2024,97,73,9,97
DTE1361,Dec_2024,96,71,8,93
DTE1361,Jan_2025,90,74,10,90
DTE1362,Aug_2024,91,76,10,84
DTE1362,Sep_2024,97,74,7,88
DTE1362,Oct_2024,91,78,7,87
DTE1362,Nov_2024,95,78,10,92
DTE1362,Dec_2024,95,73,9,92
DTE1362,Jan_2025,94,78,10,94
DTE1363,Aug_2024,77,79,10,69
DTE1363,Sep_2024,84,79,8,84
DTE1363,Oct_2024,81,75,7,72
DTE1363,Nov_2024,82,76,10,74
DTE1363,Dec_2024,79,75,9,71
DTE1363,Jan_2025,85,74,9,75
DTE1364,Aug_2024,91,89,8,NA
DTE1364,Sep_2024,92,88,10,NA
DTE1364,Oct_2024,91,92,9,NA
DTE1364,Nov_2024,88,92,10,NA
DTE1364,Dec_2024,94,89,9,NA
DTE1364,Jan_2025,92,86,9,NA
DTE1365,Aug_2024,93,72,9,83
DTE1365,Sep_2024,98,73,8,98
DTE1365,Oct_2024,96,74,8,87
DTE1365,Nov_2024,96,74,8,87
DTE1365,Dec_2024,93,76,8,87
DTE1365,Jan_2025,92,76,10,91
DTE1366,Aug_2024,95,82,7,87
DTE1366,Sep_2024,88,82,7,84
DTE1366,Oct_2024,95,83,8,92
DTE1366,Nov_2024,92,81,7,87
DTE1366,Dec_2024,92,82,10,84
DTE1366,Jan_2025,93,79,9,87
DTE1367,Aug_2024,92,79,10,90
DTE1367,Sep_2024,94,83,7,86
DTE1367,Oct_2024,92,81,8,91
DTE1367,Nov_2024,95,79,10,91
DTE1367,Dec_2024,94,82,7,91
DTE1367,Jan_2025,91,78,7,87
DTE1368,Aug_2024,87,78,8,77
DTE1368,Sep_2024,87,77,9,80
DTE1368,Oct_2024,87,80,9,77
DTE1368,Nov_2024,92,77,9,87
DTE1368,Dec_2024,92,79,8,88
DTE1368,Jan_2025,92,81,10,82
DTE1369,Aug_2024,81,82,10,81
DTE1369,Sep_2024,88,79,9,88
DTE1369,Oct_2024,85,82,10,79
DTE1369,Nov_2024,89,83,7,83
DTE1369,Dec_2024,86,82,10,86
DTE1369,Jan_2025,87,77,10,86
DTE1370,Aug_2024,89,79,7,88
DTE1370,Sep_2024,85,82,7,78
DTE1370,Oct_2024,88,82,9,85
DTE1370,Nov_2024,89,77,9,85
DTE1370,Dec_2024,90,83,10,87
DTE1370,Jan_2025,88,77,7,78
DTE1371,Aug_2024,61,60,2,53
DTE1371,Sep_2024,54,54,5,50
DTE1371,Oct_2024,43,50,6,33
DTE1371,Nov_2024,34,55,2,26
DTE1371,Dec_2024,38,48,3,38
DTE1371,Jan_2025,36,32,2,26
DTE1372,Aug_2024,79,93,7,76
DTE1372,Sep_2024,84,90,8,84
DTE1372,Oct_2024,83,93,8,77
DTE1372,Nov_2024,77,89,8,74
DTE1372,Dec_2024,82,93,10,79
DTE1372,Jan_2025,84,93,7,83
DTE1373,Aug_2024,89,79,8,80
DTE1373,Sep_2024,87,81,10,82
DTE1373,Oct_2024,93,78,9,83
DTE1373,Nov_2024,95,78,10,88
DTE1373,Dec_2024,87,80,10,79
DTE1373,Jan_2025,93,78,7,92
DTE1374,Aug_2024,84,87,9,77
DTE1374,Sep_2024,86,86,8,84
DTE1374,Oct_2024,81,82,8,80
DTE1374,Nov_2024,82,87,8,75
DTE1374,Dec_2024,88,84,9,81
DTE1374,Jan_2025,81,88,8,72
DTE1375,Aug_2024,91,68,7,88
DTE1375,Sep_2024,88,69,9,86
DTE1375,Oct_2024,91,68,9,91
DTE1375,Nov_2024,93,74,7,92
DTE1375,Dec_2024,93,73,9,84
DTE1375,Jan_2025,93,68,9,91
DTE1376,Aug_2024,89,66,10,86
DTE1376,Sep_2024,87,70,10,80
DTE1376,Oct_2024,91,66,7,89
DTE1376,Nov_2024,90,69,7,88
DTE1376,Dec_2024,86,71,8,85
DTE1376,Jan_2025,91,69,7,82
DTE1377,Aug_2024,77,82,10,67
DTE1377,Sep_2024,80,82,9,74
DTE1377,Oct_2024,75,87,10,75
DTE1377,Nov_2024,80,87,10,80
DTE1377,Dec_2024,78,86,9,72
DTE1377,Jan_2025,82,85,8,80
DTE1378,Aug_2024,94,92,10,84
DTE1378,Sep_2024,89,89,9,82
DTE1378,Oct_2024,88,91,7,82
DTE1378,Nov_2024,88,92,7,86
DTE1378,Dec_2024,87,90,9,81
DTE1378,Jan_2025,91,91,9,87
DTE1379,Aug_2024,55,51,4,48
DTE1379,Sep_2024,46,51,6,38
DTE1379,Oct_2024,41,44,6,39
DTE1379,Nov_2024,32,45,5,27
DTE1379,Dec_2024,31,34,2,27
DTE1379,Jan_2025,20,40,4,11
DTE1380,Aug_2024,90,76,9,85
DTE1380,Sep_2024,85,79,8,80
DTE1380,Oct_2024,86,76,9,78
DTE1380,Nov_2024,88,77,9,79
DTE1380,Dec_2024,88,80,8,79
DTE1380,Jan_2025,84,81,9,81
DTE1381,Aug_2024,97,82,9,94
DTE1381,Sep_2024,98,81,8,97
DTE1381,Oct_2024,96,82,8,93
DTE1381,Nov_2024,97,78,10,92
DTE1381,Dec_2024,95,80,10,91
DTE1381,Jan_2025,98,81,9,96
DTE1382,Aug_2024,80,75,7,76
DTE1382,Sep_2024,77,74,10,77
DTE1382,Oct_2024,77,72,9,70
DTE1382,Nov_2024,83,75,9,75
DTE1382,Dec_2024,82,72,9,82
DTE1382,Jan_2025,82,76,10,73
DTE1383,Aug_2024,74,74,10,68
DTE1383,Sep_2024,78,71,8,76
DTE1383,Oct_2024,74,73,7,74
DTE1383,Nov_2024,74,73,7,66
DTE1383,Dec_2024,81,73,8,80
DTE1383,Jan_2025,79,72,7,69
DTE1384,Aug_2024,88,63,7,83
DTE1384,Sep_2024,92,65,10,89
DTE1384,Oct_2024,91,64,9,83
DTE1384,Nov_2024,93,69,8,91
DTE1384,Dec_2024,88,67,9,85
DTE1384,Jan_2025,90,69,10,87
DTE1385,Aug_2024,86,90,7,84
DTE1385,Sep_2024,79,90,9,72
DTE1385,Oct_2024,79,86,8,73
DTE1385,Nov_2024,81,87,10,72
DTE1385,Dec_2024,80,87,8,76
DTE1385,Jan_2025,79,86,8,69
DTE1386,Aug_2024,85,66,10,78
DTE1386,Sep_2024,84,64,7,83
DTE1386,Oct_2024,87,68,10,80
DTE1386,Nov_2024,83,68,10,74
DTE1386,Dec_2024,87,63,9,84
DTE1386,Jan_2025,88,66,9,83
DTE1387,Aug_2024,80,69,10,73
DTE1387,Sep_2024,83,68,8,82
DTE1387,Oct_2024,86,67,10,83
DTE1387,Nov_2024,83,68,9,77
DTE1387,Dec_2024,84,67,9,81
DTE1387,Jan_2025,86,70,10,86
DTE1388,Aug_2024,80,70,7,73
DTE1388,Sep_2024,77,68,9,72
DTE1388,Oct_2024,83,65,10,77
DTE1388,Nov_2024,84,68,7,78
DTE1388,Dec_2024,81,67,8,77
DTE1388,Jan_2025,82,67,10,80
DTE1389,Aug_2024,64,59,6,55
DTE1389,Sep_2024,49,55,4,49
DTE1389,Oct_2024,40,55,3,39
DTE1389,Nov_2024,37,41,2,29
DTE1389,Dec_2024,41,40,3,35
DTE1389,Jan_2025,38,47,4,36
DTE1390,Aug_2024,82,88,8,NA
DTE1390,Sep_2024,75,92,7,NA
DTE1390,Oct_2024,76,90,10,NA
DTE1390,Nov_2024,80,89,8,NA
DTE1390,Dec_2024,74,94,8,NA
DTE1390,Jan_2025,75,88,7,NA
DTE1391,Aug_2024,87,81,8,79
DTE1391,Sep_2024,84,81,10,76
DTE1391,Oct_2024,88,80,8,86
DTE1391,Nov_2024,91,76,8,91
DTE1391,Dec_2024,88,81,8,84
DTE1391,Jan_2025,91,81,7,83
DTE1392,Aug_2024,57,36,3,57
DTE1392,Sep_2024,48,34,6,43
DTE1392,Oct_2024,46,30,5,44
DTE1392,Nov_2024,33,33,6,33
DTE1392,Dec_2024,45,25,4,38
DTE1392,Jan_2025,31,25,5,23
DTE1393,Aug_2024,95,80,10,87
DTE1393,Sep_2024,94,80,9,85
DTE1393,Oct_2024,93,81,9,85
DTE1393,Nov_2024,93,76,10,91
DTE1393,Dec_2024,87,76,7,78
DTE1393,Jan_2025,92,81,9,91
DTE1394,Aug_2024,93,69,10,89
DTE1394,Sep_2024,92,66,9,85
DTE1394,Oct_2024,90,72,7,87
DTE1394,Nov_2024,93,72,8,86
DTE1394,Dec_2024,89,71,9,83
DTE1394,Jan_2025,90,67,7,87
DTE1395,Aug_2024,98,86,10,92
DTE1395,Sep_2024,98,89,10,93
DTE1395,Oct_2024,95,87,8,89
DTE1395,Nov_2024,92,85,8,82
DTE1395,Dec_2024,93,86,9,93
DTE1395,Jan_2025,97,87,10,87
DTE1396,Aug_2024,88,72,9,83
DTE1396,Sep_2024,90,76,10,90
DTE1396,Oct_2024,89,72,9,84
DTE1396,Nov_2024,85,74,8,85
DTE1396,Dec_2024,83,73,9,83
DTE1396,Jan_2025,82,76,8,72
DTE1397,Aug_2024,97,66,7,90
DTE1397,Sep_2024,95,66,10,90
DTE1397,Oct_2024,94,66,9,94
DTE1397,Nov_2024,97,68,7,90
DTE1397,Dec_2024,96,67,7,86
DTE1397,Jan_2025,97,69,7,95
DTE1398,Aug_2024,95,71,10,85
DTE1398,Sep_2024,93,70,8,90
DTE1398,Oct_2024,90,73,10,86
DTE1398,Nov_2024,95,70,7,95
DTE1398,Dec_2024,93,69,8,90
DTE1398,Jan_2025,95,73,8,89
DTE1399,Aug_2024,76,86,9,73
DTE1399,Sep_2024,74,83,8,74
DTE1399,Oct_2024,78,88,10,77
DTE1399,Nov_2024,77,86,8,67
DTE1399,Dec_2024,81,83,7,71
DTE1399,Jan_2025,81,89,9,72
DTE1400,Aug_2024,58,47,6,50
DTE1400,Sep_2024,55,47,4,47
DTE1400,Oct_2024,53,40,4,44
DTE1400,Nov_2024,30,45,2,24
DTE1400,Dec_2024,36,37,4,29
DTE1400,Jan_2025,20,29,4,16
DTE1401,Aug_2024,91,80,8,83
DTE1401,Sep_2024,93,80,8,90
DTE1401,Oct_2024,97,75,7,89
DTE1401,Nov_2024,98,76,10,92
DTE1401,Dec_2024,96,78,9,92
DTE1401,Jan_2025,91,75,8,82
DTE1402,Aug_2024,54,48,5,48
DTE1402,Sep_2024,43,47,5,43
DTE1402,Oct_2024,42,44,3,35
DTE1402,Nov_2024,43,37,5,37
DTE1402,Dec_2024,21,41,6,19
DTE1402,Jan_2025,38,40,6,32
DTE1403,Aug_2024,88,77,7,87
DTE1403,Sep_2024,87,78,10,80
DTE1403,Oct_2024,88,83,8,88
DTE1403,Nov_2024,87,80,8,87
DTE1403,Dec_2024,89,79,9,79
DTE1403,Jan_2025,92,82,7,92
DTE1404,Aug_2024,82,66,9,81
DTE1404,Sep_2024,80,68,7,80
DTE1404,Oct_2024,80,70,8,78
DTE1404,Nov_2024,86,70,10,85
DTE1404,Dec_2024,84,68,9,75
DTE1404,Jan_2025,88,64,9,86
DTE1405,Aug_2024,77,85,9,75
DTE1405,Sep_2024,84,82,10,75
DTE1405,Oct_2024,79,87,9,79
DTE1405,Nov_2024,82,88,9,72
DTE1405,Dec_2024,78,87,10,71
DTE1405,Jan_2025,81,86,9,77
DTE1406,Aug_2024,93,71,8,89
DTE1406,Sep_2024,92,69,8,85
DTE1406,Oct_2024,89,73,8,89
DTE1406,Nov_2024,88,68,7,86
DTE1406,Dec_2024,88,71,8,86
DTE1406,Jan_2025,88,70,9,83
DTE1407,Aug_2024,81,86,10,75
DTE1407,Sep_2024,84,81,9,81
DTE1407,Oct_2024,85,86,7,80
DTE1407,Nov_2024,80,84,8,75
DTE1407,Dec_2024,79,81,7,75
DTE1407,Jan_2025,84,82,10,77
DTE1408,Aug_2024,55,43,3,50
DTE1408,Sep_2024,53,38,6,51
DTE1408,Oct_2024,50,39,2,43
DTE1408,Nov_2024,38,35,3,30
DTE1408,Dec_2024,30,25,3,24
DTE1408,Jan_2025,50,37,4,41
DTE1409,Aug_2024,87,73,7,86
DTE1409,Sep_2024,89,77,8,86
DTE1409,Oct_2024,84,73,9,76
DTE1409,Nov_2024,88,75,8,82
DTE1409,Dec_2024,82,74,9,74
DTE1409,Jan_2025,89,71,9,84
DTE1410,Aug_2024,72,87,7,65
DTE1410,Sep_2024,78,87,8,73
DTE1410,Oct_2024,75,87,9,71
DTE1410,Nov_2024,72,90,8,62
DTE1410,Dec_2024,76,87,9,76
DTE1410,Jan_2025,80,85,7,77
DTE1411,Aug_2024,80,83,10,80
DTE1411,Sep_2024,79,82,7,75
DTE1411,Oct_2024,81,88,10,81
DTE1411,Nov_2024,81,88,9,72
DTE1411,Dec_2024,73,85,8,65
DTE1411,Jan_2025,81,84,7,78
DTE1412,Aug_2024,62,38,6,52
DTE1412,Sep_2024,64,39,2,59
DTE1412,Oct_2024,50,33,2,48
DTE1412,Nov_2024,38,33,4,28
DTE1412,Dec_2024,43,25,3,41
DTE1412,Jan_2025,41,34,6,33
DTE1413,Aug_2024,85,75,8,84
DTE1413,Sep_2024,84,76,7,80
DTE1413,Oct_2024,86,75,10,81
DTE1413,Nov_2024,85,79,10,77
DTE1413,Dec_2024,85,78,9,84
DTE1413,Jan_2025,89,81,7,84
DTE1414,Aug_2024,57,56,4,57
DTE1414,Sep_2024,49,52,3,44
DTE1414,Oct_2024,56,43,5,46
DTE1414,Nov_2024,47,55,5,41
DTE1414,Dec_2024,52,33,3,49
DTE1414,Jan_2025,33,37,2,30
DTE1415,Aug_2024,51,42,5,45
DTE1415,Sep_2024,42,33,2,35
DTE1415,Oct_2024,46,36,2,36
DTE1415,Nov_2024,37,32,2,32
DTE1415,Dec_2024,20,25,2,11
DTE1415,Jan_2025,20,25,3,13
DTE1416,Aug_2024,96,78,9,95
DTE1416,Sep_2024,89,80,9,86
DTE1416,Oct_2024,93,78,10,89
DTE1416,Nov_2024,89,80,7,89
DTE1416,Dec_2024,93,79,8,89
DTE1416,Jan_2025,95,75,9,90
DTE1417,Aug_2024,83,80,9,82
DTE1417,Sep_2024,84,82,9,78
DTE1417,Oct_2024,77,80,9,72
DTE1417,Nov_2024,79,85,7,77
DTE1417,Dec_2024,85,84,7,80
DTE1417,Jan_2025,78,80,9,73
DTE1418,Aug_2024,81,64,8,72
DTE1418,Sep_2024,79,68,7,76
DTE1418,Oct_2024,76,66,9,68
DTE1418,Nov_2024,84,70,7,76
DTE1418,Dec_2024,84,66,9,83
DTE1418,Jan_2025,82,70,7,78
DTE1419,Aug_2024,55,59,4,55
DTE1419,Sep_2024,43,60,2,42
DTE1419,Oct_2024,42,61,4,36
DTE1419,Nov_2024,31,55,6,23
DTE1419,Dec_2024,20,51,3,18
DTE1419,Jan_2025,20,37,2,13
DTE1420,Aug_2024,79,83,8,77
DTE1420,Sep_2024,84,79,10,84
DTE1420,Oct_2024,84,80,8,77
DTE1420,Nov_2024,84,79,7,78
DTE1420,Dec_2024,79,82,10,76
DTE1420,Jan_2025,84,80,9,82
DTE1421,Aug_2024,66,55,4,62
DTE1421,Sep_2024,58,51,5,54
DTE1421,Oct_2024,53,41,2,47
DTE1421,Nov_2024,46,50,3,37
DTE1421,Dec_2024,49,36,3,47
DTE1421,Jan_2025,28,47,2,27
DTE1422,Aug_2024,83,74,8,79
DTE1422,Sep_2024,78,77,7,68
DTE1422,Oct_2024,80,78,7,80
DTE1422,Nov_2024,83,73,9,80
DTE1422,Dec_2024,84,74,8,74
DTE1422,Jan_2025,78,79,9,73
DTE1423,Aug_2024,93,68,9,86
DTE1423,Sep_2024,90,71,8,87
DTE1423,Oct_2024,93,67,8,83
DTE1423,Nov_2024,90,68,10,86
DTE1423,Dec_2024,93,65,9,93
DTE1423,Jan_2025,93,68,8,93
DTE1424,Aug_2024,85,75,10,NA
DTE1424,Sep_2024,93,72,8,NA
DTE1424,Oct_2024,91,70,9,NA
DTE1424,Nov_2024,87,72,9,NA
DTE1424,Dec_2024,87,73,7,NA
DTE1424,Jan_2025,92,76,7,NA
DTE1425,Aug_2024,85,68,9,NA
DTE1425,Sep_2024,81,69,8,NA
DTE1425,Oct_2024,82,72,10,NA
DTE1425,Nov_2024,84,68,8,NA
DTE1425,Dec_2024,85,67,10,NA
DTE1425,Jan_2025,80,66,8,NA
DTE1426,Aug_2024,94,71,8,86
DTE1426,Sep_2024,95,73,8,94
DTE1426,Oct_2024,91,73,9,83
DTE1426,Nov_2024,91,73,7,87
DTE1426,Dec_2024,95,74,9,89
DTE1426,Jan_2025,87,68,7,84
DTE1427,Aug_2024,81,90,8,71
DTE1427,Sep_2024,85,94,8,75
DTE1427,Oct_2024,84,92,7,82
DTE1427,Nov_2024,77,90,10,68
DTE1427,Dec_2024,82,88,10,79
DTE1427,Jan_2025,79,88,9,73
DTE1428,Aug_2024,79,75,9,70
DTE1428,Sep_2024,78,75,10,68
DTE1428,Oct_2024,80,70,10,73
DTE1428,Nov_2024,78,71,9,78
DTE1428,Dec_2024,80,72,10,77
DTE1428,Jan_2025,83,72,10,80
DTE1429,Aug_2024,89,71,7,88
DTE1429,Sep_2024,84,71,8,81
DTE1429,Oct_2024,89,73,7,86
DTE1429,Nov_2024,90,70,7,89
DTE1429,Dec_2024,91,70,8,88
DTE1429,Jan_2025,86,68,9,85
DTE1430,Aug_2024,85,70,7,76
DTE1430,Sep_2024,91,68,9,81
DTE1430,Oct_2024,92,69,7,87
DTE1430,Nov_2024,88,72,7,87
DTE1430,Dec_2024,89,74,8,89
DTE1430,Jan_2025,92,73,9,84
DTE1431,Aug_2024,89,82,7,82
DTE1431,Sep_2024,90,83,10,85
DTE1431,Oct_2024,88,77,8,79
DTE1431,Nov_2024,91,77,10,86
DTE1431,Dec_2024,92,83,10,84
DTE1431,Jan_2025,89,77,7,79
DTE1432,Aug_2024,73,83,9,70
DTE1432,Sep_2024,75,84,8,72
DTE1432,Oct_2024,73,83,8,70
DTE1432,Nov_2024,76,79,8,72
DTE1432,Dec_2024,80,78,10,77
DTE1432,Jan_2025,75,78,7,72
DTE1433,Aug_2024,90,74,9,80
DTE1433,Sep_2024,91,70,7,89
DTE1433,Oct_2024,92,72,7,90
DTE1433,Nov_2024,90,69,8,80
DTE1433,Dec_2024,91,69,7,89
DTE1433,Jan_2025,88,69,8,82
DTE1434,Aug_2024,78,91,8,76
DTE1434,Sep_2024,81,93,9,74
DTE1434,Oct_2024,79,94,8,72
DTE1434,Nov_2024,83,89,10,79
DTE1434,Dec_2024,82,90,8,82
DTE1434,Jan_2025,80,91,9,74
DTE1435,Aug_2024,98,91,7,89
DTE1435,Sep_2024,91,94,8,91
DTE1435,Oct_2024,93,93,7,85
DTE1435,Nov_2024,97,91,8,97
DTE1435,Dec_2024,98,89,8,96
DTE1435,Jan_2025,93,88,7,90
DTE1436,Aug_2024,91,78,7,86
DTE1436,Sep_2024,91,78,7,87
DTE1436,Oct_2024,87,76,8,85
DTE1436,Nov_2024,83,77,10,80
DTE1436,Dec_2024,85,80,8,75
DTE1436,Jan_2025,84,78,8,75
DTE1437,Aug_2024,89,74,10,79
DTE1437,Sep_2024,90,74,9,83
DTE1437,Oct_2024,84,79,9,79
DTE1437,Nov_2024,82,74,7,82
DTE1437,Dec_2024,82,80,7,81
DTE1437,Jan_2025,87,75,7,86
DTE1438,Aug_2024,70,47,2,63
DTE1438,Sep_2024,65,38,2,55
DTE1438,Oct_2024,49,36,3,44
DTE1438,Nov_2024,61,29,6,51
DTE1438,Dec_2024,51,30,2,43
DTE1438,Jan_2025,32,36,6,24
DTE1439,Aug_2024,84,73,10,76
DTE1439,Sep_2024,78,72,8,74
DTE1439,Oct_2024,85,75,7,80
DTE1439,Nov_2024,83,74,7,75
DTE1439,Dec_2024,83,74,7,83
DTE1439,Jan_2025,77,71,9,74
DTE1440,Aug_2024,87,71,9,86
DTE1440,Sep_2024,86,74,9,78
DTE1440,Oct_2024,83,72,10,74
DTE1440,Nov_2024,82,70,10,80
DTE1440,Dec_2024,85,73,8,80
DTE1440,Jan_2025,86,74,7,81
DTE1441,Aug_2024,94,73,8,85
DTE1441,Sep_2024,96,72,7,88
DTE1441,Oct_2024,90,72,10,90
DTE1441,Nov_2024,96,68,8,90
DTE1441,Dec_2024,98,70,9,98
DTE1441,Jan_2025,98,68,8,97
DTE1442,Aug_2024,89,74,7,88
DTE1442,Sep_2024,95,74,7,87
DTE1442,Oct_2024,97,77,7,93
DTE1442,Nov_2024,93,78,8,85
DTE1442,Dec_2024,96,75,8,88
DTE1442,Jan_2025,92,75,8,84
DTE1443,Aug_2024,90,88,9,87
DTE1443,Sep_2024,91,90,7,89
DTE1443,Oct_2024,95,89,9,93
DTE1443,Nov_2024,97,89,9,91
DTE1443,Dec_2024,93,86,7,90
DTE1443,Jan_2025,95,91,8,90
DTE1444,Aug_2024,94,76,8,93
DTE1444,Sep_2024,90,79,9,89
DTE1444,Oct_2024,93,79,7,87
DTE1444,Nov_2024,90,78,10,88
DTE1444,Dec_2024,91,79,9,87
DTE1444,Jan_2025,86,74,10,83
DTE1445,Aug_2024,92,66,8,88
DTE1445,Sep_2024,90,70,7,80
DTE1445,Oct_2024,88,67,10,84
DTE1445,Nov_2024,93,70,9,89
DTE1445,Dec_2024,95,68,7,92
DTE1445,Jan_2025,88,66,8,80
DTE1446,Aug_2024,87,92,8,83
DTE1446,Sep_2024,84,93,8,77
DTE1446,Oct_2024,79,93,9,79
DTE1446,Nov_2024,83,93,7,79
DTE1446,Dec_2024,82,89,8,79
DTE1446,Jan_2025,84,89,9,75
DTE1447,Aug_2024,78,89,7,72
DTE1447,Sep_2024,76,90,8,75
DTE1447,Oct_2024,74,84,10,66
DTE1447,Nov_2024,80,89,7,72
DTE1447,Dec_2024,73,88,8,70
DTE1447,Jan_2025,74,89,8,67
DTE1448,Aug_2024,88,89,10,78
DTE1448,Sep_2024,90,89,7,84
DTE1448,Oct_2024,85,93,7,84
DTE1448,Nov_2024,93,91,9,87
DTE1448,Dec_2024,86,91,10,78
DTE1448,Jan_2025,93,88,7,91
DTE1449,Aug_2024,77,87,7,77
DTE1449,Sep_2024,75,83,10,74
DTE1449,Oct_2024,82,82,7,79
DTE1449,Nov_2024,80,83,10,70
DTE1449,Dec_2024,81,83,9,72
DTE1449,Jan_2025,75,86,10,75
DTE1450,Aug_2024,90,67,9,81
DTE1450,Sep_2024,92,65,7,91
DTE1450,Oct_2024,91,68,7,90
DTE1450,Nov_2024,95,69,9,94
DTE1450,Dec_2024,95,66,8,92
DTE1450,Jan_2025,93,68,10,88
DTE1451,Aug_2024,85,72,8,79
DTE1451,Sep_2024,88,69,8,85
DTE1451,Oct_2024,93,69,7,90
DTE1451,Nov_2024,92,70,9,87
DTE1451,Dec_2024,91,68,7,87
DTE1451,Jan_2025,85,73,9,83
DTE1452,Aug_2024,83,78,10,83
DTE1452,Sep_2024,80,79,7,75
DTE1452,Oct_2024,78,77,10,72
DTE1452,Nov_2024,81,80,7,73
DTE1452,Dec_2024,76,74,8,70
DTE1452,Jan_2025,75,74,8,75
DTE1453,Aug_2024,98,75,9,92
DTE1453,Sep_2024,98,78,7,98
DTE1453,Oct_2024,98,75,10,97
DTE1453,Nov_2024,97,79,8,96
DTE1453,Dec_2024,94,80,8,90
DTE1453,Jan_2025,97,76,7,91
DTE1454,Aug_2024,88,88,8,82
DTE1454,Sep_2024,81,87,10,75
DTE1454,Oct_2024,88,89,8,79
DTE1454,Nov_2024,83,88,9,79
DTE1454,Dec_2024,80,84,8,76
DTE1454,Jan_2025,88,84,10,85
DTE1455,Aug_2024,82,68,8,75
DTE1455,Sep_2024,85,71,8,79
DTE1455,Oct_2024,77,67,8,67
DTE1455,Nov_2024,82,70,7,82
DTE1455,Dec_2024,78,71,9,71
DTE1455,Jan_2025,77,70,7,69
DTE1456,Aug_2024,88,71,7,84
DTE1456,Sep_2024,87,71,8,87
DTE1456,Oct_2024,90,69,8,84
DTE1456,Nov_2024,89,73,10,79
DTE1456,Dec_2024,87,73,10,86
DTE1456,Jan_2025,91,69,8,83
DTE1457,Aug_2024,57,57,6,54
DTE1457,Sep_2024,54,51,4,54
DTE1457,Oct_2024,36,48,6,33
DTE1457,Nov_2024,40,49,3,36
DTE1457,Dec_2024,22,49,6,14
DTE1457,Jan_2025,47,39,2,39
DTE1458,Aug_2024,65,40,2,58
DTE1458,Sep_2024,51,36,5,49
DTE1458,Oct_2024,49,35,3,41
DTE1458,Nov_2024,46,34,6,41
DTE1458,Dec_2024,39,28,6,39
DTE1458,Jan_2025,20,25,5,10
DTE1459,Aug_2024,89,88,10,84
DTE1459,Sep_2024,88,91,8,82
DTE1459,Oct_2024,93,91,8,87
DTE1459,Nov_2024,92,87,10,83
DTE1459,Dec_2024,94,89,10,84
DTE1459,Jan_2025,89,93,8,89
DTE1460,Aug_2024,80,89,10,79
DTE1460,Sep_2024,74,92,8,66
DTE1460,Oct_2024,77,90,9,76
DTE1460,Nov_2024,76,92,8,72
DTE1460,Dec_2024,78,90,8,75
DTE1460,Jan_2025,76,92,9,66
DTE1461,Aug_2024,88,76,7,86
DTE1461,Sep_2024,95,76,8,95
DTE1461,Oct_2024,88,75,10,79
DTE1461,Nov_2024,94,73,7,94
DTE1461,Dec_2024,89,76,10,81
DTE1461,Jan_2025,91,70,7,81
DTE1462,Aug_2024,90,72,9,90
DTE1462,Sep_2024,87,66,10,79
DTE1462,Oct_2024,87,70,9,86
DTE1462,Nov_2024,91,71,7,86
DTE1462,Dec_2024,87,69,10,85
DTE1462,Jan_2025,95,67,10,85
DTE1463,Aug_2024,83,68,8,NA
DTE1463,Sep_2024,77,68,9,NA
DTE1463,Oct_2024,80,68,9,NA
DTE1463,Nov_2024,81,63,10,NA
DTE1463,Dec_2024,84,66,9,NA
DTE1463,Jan_2025,83,64,7,NA
DTE1464,Aug_2024,82,87,10,76
DTE1464,Sep_2024,77,90,8,72
DTE1464,Oct_2024,75,90,7,68
DTE1464,Nov_2024,82,89,7,80
DTE1464,Dec_2024,76,92,9,76
DTE1464,Jan_2025,81,90,9,80
DTE1465,Aug_2024,83,88,8,76
DTE1465,Sep_2024,83,87,8,78
DTE1465,Oct_2024,85,92,8,82
DTE1465,Nov_2024,85,90,7,78
DTE1465,Dec_2024,88,87,10,88
DTE1465,Jan_2025,83,93,8,73
DTE1466,Aug_2024,76,71,8,76
DTE1466,Sep_2024,81,71,8,75
DTE1466,Oct_2024,78,77,9,76
DTE1466,Nov_2024,82,74,9,76
DTE1466,Dec_2024,76,72,8,69
DTE1466,Jan_2025,76,76,9,72
DTE1467,Aug_2024,80,76,7,78
DTE1467,Sep_2024,81,72,8,75
DTE1467,Oct_2024,80,76,7,79
DTE1467,Nov_2024,82,74,9,82
DTE1467,Dec_2024,79,75,8,69
DTE1467,Jan_2025,80,78,7,74
DTE1468,Aug_2024,96,84,7,94
DTE1468,Sep_2024,96,85,10,86
DTE1468,Oct_2024,97,81,8,96
DTE1468,Nov_2024,89,86,8,79
DTE1468,Dec_2024,90,83,8,89
DTE1468,Jan_2025,92,82,10,90
DTE1469,Aug_2024,85,80,10,75
DTE1469,Sep_2024,84,79,10,81
DTE1469,Oct_2024,85,79,7,77
DTE1469,Nov_2024,79,82,9,73
DTE1469,Dec_2024,77,80,8,68
DTE1469,Jan_2025,84,83,7,77
DTE1470,Aug_2024,92,76,10,86
DTE1470,Sep_2024,85,74,10,85
DTE1470,Oct_2024,90,77,10,87
DTE1470,Nov_2024,90,75,8,90
DTE1470,Dec_2024,89,77,7,83
DTE1470,Jan_2025,92,72,7,82
DTE1471,Aug_2024,74,88,8,64
DTE1471,Sep_2024,77,89,8,76
DTE1471,Oct_2024,78,92,9,78
DTE1471,Nov_2024,77,91,10,76
DTE1471,Dec_2024,76,90,8,75
DTE1471,Jan_2025,80,92,8,79
DTE1472,Aug_2024,76,74,10,69
DTE1472,Sep_2024,74,76,9,71
DTE1472,Oct_2024,80,76,9,72
DTE1472,Nov_2024,74,73,8,74
DTE1472,Dec_2024,79,78,7,70
DTE1472,Jan_2025,77,77,10,68
DTE1473,Aug_2024,86,79,9,76
DTE1473,Sep_2024,84,77,9,75
DTE1473,Oct_2024,90,79,7,80
DTE1473,Nov_2024,83,77,9,76
DTE1473,Dec_2024,90,79,10,90
DTE1473,Jan_2025,89,75,9,87
DTE1474,Aug_2024,81,82,10,74
DTE1474,Sep_2024,84,81,8,76
DTE1474,Oct_2024,80,78,10,76
DTE1474,Nov_2024,84,84,7,75
DTE1474,Dec_2024,79,83,10,72
DTE1474,Jan_2025,86,81,10,78
DTE1475,Aug_2024,77,87,10,69
DTE1475,Sep_2024,82,86,8,80
DTE1475,Oct_2024,80,85,8,73
DTE1475,Nov_2024,75,87,9,65
DTE1475,Dec_2024,83,81,10,73
DTE1475,Jan_2025,77,86,8,72
DTE1476,Aug_2024,82,74,9,82
DTE1476,Sep_2024,87,75,10,81
DTE1476,Oct_2024,87,74,10,78
DTE1476,Nov_2024,82,69,7,80
DTE1476,Dec_2024,86,73,8,81
DTE1476,Jan_2025,87,71,9,85
DTE1477,Aug_2024,88,86,10,79
DTE1477,Sep_2024,86,84,8,81
DTE1477,Oct_2024,84,84,8,74
DTE1477,Nov_2024,82,88,9,76
DTE1477,Dec_2024,83,89,8,75
DTE1477,Jan_2025,81,85,10,79
DTE1478,Aug_2024,86,65,9,84
DTE1478,Sep_2024,90,71,9,83
DTE1478,Oct_2024,84,67,10,82
DTE1478,Nov_2024,84,68,8,81
DTE1478,Dec_2024,87,69,9,86
DTE1478,Jan_2025,85,71,7,77
DTE1479,Aug_2024,87,79,9,87
DTE1479,Sep_2024,88,81,9,82
DTE1479,Oct_2024,89,79,7,80
DTE1479,Nov_2024,86,83,10,76
DTE1479,Dec_2024,85,83,9,82
DTE1479,Jan_2025,81,78,9,71
DTE1480,Aug_2024,88,93,7,87
DTE1480,Sep_2024,94,92,10,92
DTE1480,Oct_2024,87,89,9,78
DTE1480,Nov_2024,90,90,7,89
DTE1480,Dec_2024,92,89,10,88
DTE1480,Jan_2025,88,90,9,81
DTE1481,Aug_2024,91,88,9,88
DTE1481,Sep_2024,91,87,8,86
DTE1481,Oct_2024,93,92,10,86
DTE1481,Nov_2024,98,86,8,92
DTE1481,Dec_2024,97,92,9,97
DTE1481,Jan_2025,90,90,9,88
DTE1482,Aug_2024,85,90,7,85
DTE1482,Sep_2024,89,89,10,83
DTE1482,Oct_2024,92,88,10,84
DTE1482,Nov_2024,84,92,8,77
DTE1482,Dec_2024,84,90,9,82
DTE1482,Jan_2025,87,94,9,81
DTE1483,Aug_2024,85,86,9,NA
DTE1483,Sep_2024,91,91,10,NA
DTE1483,Oct_2024,89,85,9,NA
DTE1483,Nov_2024,91,88,10,NA
DTE1483,Dec_2024,91,88,9,NA
DTE1483,Jan_2025,87,91,8,NA
DTE1484,Aug_2024,94,85,9,86
DTE1484,Sep_2024,97,87,9,89
DTE1484,Oct_2024,97,87,10,92
DTE1484,Nov_2024,97,88,9,95
DTE1484,Dec_2024,98,83,9,89
DTE1484,Jan_2025,93,82,10,88
DTE1485,Aug_2024,86,76,7,86
DTE1485,Sep_2024,86,76,9,81
DTE1485,Oct_2024,89,79,8,88
DTE1485,Nov_2024,89,76,7,84
DTE1485,Dec_2024,91,75,8,91
DTE1485,Jan_2025,91,77,10,91
DTE1486,Aug_2024,82,88,10,NA
DTE1486,Sep_2024,82,92,8,NA
DTE1486,Oct_2024,75,89,9,NA
DTE1486,Nov_2024,78,93,10,NA
DTE1486,Dec_2024,80,91,10,NA
DTE1486,Jan_2025,76,90,8,NA
DTE1487,Aug_2024,97,89,10,93
DTE1487,Sep_2024,97,87,7,95
DTE1487,Oct_2024,96,92,8,91
DTE1487,Nov_2024,95,87,7,87
DTE1487,Dec_2024,94,92,8,86
DTE1487,Jan_2025,92,91,8,89
DTE1488,Aug_2024,79,84,8,70
DTE1488,Sep_2024,80,89,7,70
DTE1488,Oct_2024,82,87,7,82
DTE1488,Nov_2024,84,88,7,83
DTE1488,Dec_2024,86,84,10,82
DTE1488,Jan_2025,85,84,8,77
DTE1489,Aug_2024,94,88,7,86
DTE1489,Sep_2024,89,92,10,83
DTE1489,Oct_2024,95,91,7,85
DTE1489,Nov_2024,94,87,8,89
DTE1489,Dec_2024,94,89,9,90
DTE1489,Jan_2025,92,90,9,85
DTE1490,Aug_2024,91,86,8,82
DTE1490,Sep_2024,89,85,8,80
DTE1490,Oct_2024,90,87,10,84
DTE1490,Nov_2024,97,84,7,91
DTE1490,Dec_2024,89,87,8,82
DTE1490,Jan_2025,90,88,10,88
DTE1491,Aug_2024,78,84,8,75
DTE1491,Sep_2024,84,87,8,75
DTE1491,Oct_2024,79,87,7,74
DTE1491,Nov_2024,79,82,8,70
DTE1491,Dec_2024,80,86,10,78
DTE1491,Jan_2025,78,86,10,73
DTE1492,Aug_2024,86,74,9,83
DTE1492,Sep_2024,93,73,8,90
DTE1492,Oct_2024,87,71,9,84
DTE1492,Nov_2024,93,70,9,85
DTE1492,Dec_2024,89,71,10,88
DTE1492,Jan_2025,92,74,10,85
DTE1493,Aug_2024,82,75,10,78
DTE1493,Sep_2024,82,74,9,78
DTE1493,Oct_2024,83,78,10,74
DTE1493,Nov_2024,80,75,10,71
DTE1493,Dec_2024,86,74,8,77
DTE1493,Jan_2025,81,77,7,79
DTE1494,Aug_2024,74,68,8,64
DTE1494,Sep_2024,81,72,10,80
DTE1494,Oct_2024,77,69,9,75
DTE1494,Nov_2024,82,70,8,80
DTE1494,Dec_2024,76,66,7,74
DTE1494,Jan_2025,79,69,7,71
DTE1495,Aug_2024,86,68,7,NA
DTE1495,Sep_2024,83,69,10,NA
DTE1495,Oct_2024,90,71,10,NA
DTE1495,Nov_2024,88,72,8,NA
DTE1495,Dec_2024,88,72,9,NA
DTE1495,Jan_2025,85,68,10,NA
DTE1496,Aug_2024,85,73,7,82
DTE1496,Sep_2024,85,69,9,82
DTE1496,Oct_2024,91,72,7,82
DTE1496,Nov_2024,90,67,10,89
DTE1496,Dec_2024,90,73,8,87
DTE1496,Jan_2025,86,67,8,76
DTE1497,Aug_2024,87,74,9,77
DTE1497,Sep_2024,85,68,9,82
DTE1497,Oct_2024,92,70,8,92
DTE1497,Nov_2024,88,68,10,81
DTE1497,Dec_2024,86,69,10,85
DTE1497,Jan_2025,86,69,10,86
DTE1498,Aug_2024,38,46,3,36
DTE1498,Sep_2024,40,45,3,40
DTE1498,Oct_2024,42,36,2,41
DTE1498,Nov_2024,22,35,3,22
DTE1498,Dec_2024,28,29,3,23
DTE1498,Jan_2025,20,25,3,11
DTE1499,Aug_2024,80,86,9,71
DTE1499,Sep_2024,80,89,10,75
DTE1499,Oct_2024,80,90,7,70
DTE1499,Nov_2024,79,89,9,71
DTE1499,Dec_2024,78,87,9,76
DTE1499,Jan_2025,78,86,9,78
